bestand,map,bron_url,breedte,hoogte,bytes,gebruikt_op_paginas,alt,titel
2024-03_20190515DeBresser_0106LR.jpg,fotos,https://www.de-kievit.nl/wp-content/uploads/2024/03/20190515DeBresser_0106LR.jpg,1000,667,246321,0,jongeman die een kast vervoert,20190515DeBresser_0106LR.jpg
2024-03_Asset-management-De-Bresser.jpg,fotos,https://www.de-kievit.nl/wp-content/uploads/2024/03/Asset-management-De-Bresser.jpg,1000,667,403195,0,man die meubels labelt,Asset management – De Bresser
2024-03_De-Breser-particuliere-verhuizing.jpg,fotos,https://www.de-kievit.nl/wp-content/uploads/2024/03/De-Breser-particuliere-verhuizing.jpg,1000,667,335183,4,man vervoert een matras,De-Breser-particuliere-verhuizing.jpg
2024-03_De-Bresser-Afbeelding-2.png,fotos,https://www.de-kievit.nl/wp-content/uploads/2024/03/De-Bresser-Afbeelding-2.png,800,1160,1404867,1,2 mannen met verhuisdozen voor de cabine van een verhuiswagen,De-Bresser-Afbeelding-2.png
2024-03_De-Bresser-Duitsland.jpg,fotos,https://www.de-kievit.nl/wp-content/uploads/2024/03/De-Bresser-Duitsland.jpg,466,590,182672,0,Verhuiswagen De Bresser in Duitsland,De-Bresser-Duitsland.jpg
2024-03_De-Bresser-Full-Service-Opslag.jpg,fotos,https://www.de-kievit.nl/wp-content/uploads/2024/03/De-Bresser-Full-Service-Opslag.jpg,1000,1000,991087,53,medewerker Topmovers,De-Bresser-Full-Service-Opslag.jpg
2024-03_De-Bresser-Internationaal-verhuizen-zwitersland-1.jpg,fotos,https://www.de-kievit.nl/wp-content/uploads/2024/03/De-Bresser-Internationaal-verhuizen-zwitersland-1.jpg,1600,720,366861,0,Vrachtwagen De Bresser in Zwitserland,De-Bresser-Internationaal-verhuizen-zwitersland.jpg
2024-03_De-Bresser-Kantoor.png,fotos,https://www.de-kievit.nl/wp-content/uploads/2024/03/De-Bresser-Kantoor.png,906,604,1352383,3,medewerkers op kantoor,De-Bresser-Kantoor.png
2024-03_De-Bresser-Meubeltransport-montage-service.jpg,fotos,https://www.de-kievit.nl/wp-content/uploads/2024/03/De-Bresser-Meubeltransport-montage-service.jpg,900,1350,812556,0,man die een meubel in folie wikkelt,De-Bresser-Meubeltransport-montage-service.jpg
2024-03_De-Bresser-Particuliere-verhuizingen-e1670931389225.jpg,fotos,https://www.de-kievit.nl/wp-content/uploads/2024/03/De-Bresser-Particuliere-verhuizingen-e1670931389225.jpg,829,1075,95453,2,4 mannen die dozen doorgeven op een trap,De-Bresser-Particuliere-verhuizingen–e1670931389225.jpg
2024-03_De-Bresser-Transport-.jpg,fotos,https://www.de-kievit.nl/wp-content/uploads/2024/03/De-Bresser-Transport-.jpg,900,700,680585,53,twee medewerkers top movers laden een vrachtwagen uit,De-Bresser-Transport-.jpg
2024-03_De-Bresser-Transport-Contact-e1711724004960.png,fotos,https://www.de-kievit.nl/wp-content/uploads/2024/03/De-Bresser-Transport-Contact-e1711724004960.png,336,506,171440,3,man van Topmovers met een doos van De Bresser,De Bresser – Transport – Contact
2024-03_De-Bresser-Verhuisbedrijf-Tilburg.jpg,fotos,https://www.de-kievit.nl/wp-content/uploads/2024/03/De-Bresser-Verhuisbedrijf-Tilburg.jpg,1600,1040,607574,0,medewerkers De Bresser met verhuisdozen en verhuiswagen,De-Bresser-Verhuisbedrijf-Tilburg.jpg
2024-03_De-Bresser-Verhuizen-Opslag-Logistiek-3.jpg,fotos,https://www.de-kievit.nl/wp-content/uploads/2024/03/De-Bresser-Verhuizen-Opslag-Logistiek-3.jpg,1300,867,1277062,0,De Bresser medewerkers die een vrachtwagen uitladen,De-Bresser-Verhuizen-Opslag-Logistiek.jpg
2024-03_De-Bresser-Verhuizingen-Brabant.jpg,fotos,https://www.de-kievit.nl/wp-content/uploads/2024/03/De-Bresser-Verhuizingen-Brabant.jpg,621,900,516870,2,twee mannen met verhuisdozen,De-Bresser-Verhuizingen-Brabant.jpg
2024-03_De-Bresser-Verhuizingen-Oisterwijk.jpg,fotos,https://www.de-kievit.nl/wp-content/uploads/2024/03/De-Bresser-Verhuizingen-Oisterwijk.jpg,1200,800,885391,0,kantoor De Bresser,De-Bresser-Verhuizingen-Oisterwijk.jpg
2024-03_De-Bresser-Verhuizingen.jpg,fotos,https://www.de-kievit.nl/wp-content/uploads/2024/03/De-Bresser-Verhuizingen.jpg,1300,805,919547,0,teamfoto De Bresser,De-Bresser-Verhuizingen.jpg
2024-03_De-Bresser-Verhuzingen-Logistiek-Transport.jpg,fotos,https://www.de-kievit.nl/wp-content/uploads/2024/03/De-Bresser-Verhuzingen-Logistiek-Transport.jpg,1800,808,1303986,0,vrachtwagen en containers Top movers,De-Bresser-Verhuzingen-Logistiek-Transport.jpg
2024-03_De-Bresser-inboedelopslag.jpg,fotos,https://www.de-kievit.nl/wp-content/uploads/2024/03/De-Bresser-inboedelopslag.jpg,1200,772,926227,1,heftruck en Top movers verhuiswagen,De-Bresser-inboedelopslag.jpg
2024-03_De-Bresser-verhuizen-frankrijk.jpg,fotos,https://www.de-kievit.nl/wp-content/uploads/2024/03/De-Bresser-verhuizen-frankrijk.jpg,1000,667,209450,2,foto vrachtwagencabine De Bresser,De-Bresser-verhuizen-frankrijk.jpg
2024-03_De-Bresser-verhuizen-opslag-logistiek-2.jpg,fotos,https://www.de-kievit.nl/wp-content/uploads/2024/03/De-Bresser-verhuizen-opslag-logistiek-2.jpg,800,547,469248,3,teamfoto De Bresser voor een verhuiswagen,De-Bresser-verhuizen-opslag-logistiek.jpg
2024-03_De-bresser-zakelijk-verhuizen-1.jpg,fotos,https://www.de-kievit.nl/wp-content/uploads/2024/03/De-bresser-zakelijk-verhuizen-1.jpg,1500,1000,183736,3,man die verhuisdoos inpakt met kantoorspullen,De-bresser-zakelijk-verhuizen.jpg
2024-03_Duurzaamheidsverslag-2022-TM-dubbel40.jpg,fotos,https://www.de-kievit.nl/wp-content/uploads/2024/03/Duurzaamheidsverslag-2022-TM-dubbel40.jpg,2487,1760,306873,0,2 mannen die een doos verhuizen,Duurzaamheidsverslag-2022-TM-dubbel40.jpg
2024-03_Erkende-verhuizer-bedrijf-De-Bresser.jpg,fotos,https://www.de-kievit.nl/wp-content/uploads/2024/03/Erkende-verhuizer-bedrijf-De-Bresser.jpg,494,440,129998,2,verhuiswagen De Bresser,Erkende-verhuizer-bedrijf-De-Bresser.jpg
2024-03_Frankrijk-Verhuizen-Transport-bedrijf.jpg,fotos,https://www.de-kievit.nl/wp-content/uploads/2024/03/Frankrijk-Verhuizen-Transport-bedrijf.jpg,1468,1152,1395332,0,Vrachtwagen De Bresser in Frankrijk,Frankrijk-Verhuizen-Transport-bedrijf.jpg
2024-03_Handyman-De-Bresser-1.jpg,fotos,https://www.de-kievit.nl/wp-content/uploads/2024/03/Handyman-De-Bresser-1.jpg,900,600,256574,1,man die aan een klink schroeft,Handyman – De Bresser
2024-03_Handyman-De-Bresser.jpg,fotos,https://www.de-kievit.nl/wp-content/uploads/2024/03/Handyman-De-Bresser.jpg,667,1000,387304,0,man die aan een klink schroeft,Handyman De Bresser
2024-03_Inboedel-opslag-lossen-De-Bresser.jpg,fotos,https://www.de-kievit.nl/wp-content/uploads/2024/03/Inboedel-opslag-lossen-De-Bresser.jpg,900,600,635453,3,heftruck en opslagcontainers,Inboedel-opslag-lossen-De-Bresser.jpg
2024-03_Internationaal-transport-1-e1712230278624.jpg,fotos,https://www.de-kievit.nl/wp-content/uploads/2024/03/Internationaal-transport-1-e1712230278624.jpg,1560,1040,210102,2,verhuiswagen De Bresser in Parijs,Internationaal-transport.jpg
2024-03_Internationaal-transport.jpg,fotos,https://www.de-kievit.nl/wp-content/uploads/2024/03/Internationaal-transport.jpg,1600,1200,302573,0,verhuiswagen De Bresser in Parijs,Internationaal-transport.jpg
2024-03_Internationaal-verhuizen-Frankrijk-De-Bresser.jpg,fotos,https://www.de-kievit.nl/wp-content/uploads/2024/03/Internationaal-verhuizen-Frankrijk-De-Bresser.jpg,1920,1080,181517,2,verhuiswagen de bresser in Frankrijk,Internationaal-verhuizen-Frankrijk-De-Bresser.jpg
2024-03_Internationaal-verhuizen.jpg,fotos,https://www.de-kievit.nl/wp-content/uploads/2024/03/Internationaal-verhuizen.jpg,1238,1043,1016088,1,verhuiswagen topmovers en heftruck,Internationaal-verhuizen.jpg
2024-03_Logistiek-transport-meubels-internationaal-1.jpg,fotos,https://www.de-kievit.nl/wp-content/uploads/2024/03/Logistiek-transport-meubels-internationaal-1.jpg,1000,667,281002,3,medewerker die een kast vervoert,Logistiek-transport-meubels-internationaal.jpg
2024-03_Meubeltransport-Warehouse-B2B.jpg,fotos,https://www.de-kievit.nl/wp-content/uploads/2024/03/Meubeltransport-Warehouse-B2B.jpg,1000,667,285890,1,medewerker die meubels vervoert,Meubeltransport-Warehouse-B2B.jpg
2024-03_Montage-service-zakelijk-meubeltransport-2-naast-elkaar.jpg,fotos,https://www.de-kievit.nl/wp-content/uploads/2024/03/Montage-service-zakelijk-meubeltransport-2-naast-elkaar.jpg,2000,1333,1536027,0,man die meubels verplaatst,Montage-service-zakelijk-meubeltransport-2-naast-elkaar.jpg
2024-03_Nationaal-en-internationaal-transport.jpg,fotos,https://www.de-kievit.nl/wp-content/uploads/2024/03/Nationaal-en-internationaal-transport.jpg,1600,1200,395973,0,verhuiswagen De Bresser in het buitenland,Nationaal-en-internationaal-transport.jpg
2024-03_Particuliere-verhuizing-De-Bresser-Nieuwbouw-1.jpg,fotos,https://www.de-kievit.nl/wp-content/uploads/2024/03/Particuliere-verhuizing-De-Bresser-Nieuwbouw-1.jpg,960,720,87807,3,Verhuiswagen de bresser,Particuliere-verhuizing-De-Bresser-Nieuwbouw.jpg
2024-03_Samenwerking-ontzorgdverhuizen-debresser-zorgverhuizingen-e1675414079531.png,fotos,https://www.de-kievit.nl/wp-content/uploads/2024/03/Samenwerking-ontzorgdverhuizen-debresser-zorgverhuizingen-e1675414079531.png,986,1122,1304287,0,foto man en vrouw met verhuisdozen,Samenwerking-ontzorgdverhuizen-debresser-zorgverhuizingen-e1675414079531.png
2024-03_Samenwerking-ontzorgdverhuizen-debresser-zorgverhuizingen.png,fotos,https://www.de-kievit.nl/wp-content/uploads/2024/03/Samenwerking-ontzorgdverhuizen-debresser-zorgverhuizingen.png,986,1200,1392377,1,foto man en vrouw met verhuisdozen,Samenwerking-ontzorgdverhuizen-debresser-zorgverhuizingen.png
2024-03_Stoof-De-Bresser-Breda-Verhuizen-.jpg,fotos,https://www.de-kievit.nl/wp-content/uploads/2024/03/Stoof-De-Bresser-Breda-Verhuizen-.jpg,1900,1201,2321243,0,teamfoto Top movers,Stoof-De-Bresser-Breda-Verhuizen-.jpg
2024-03_Top-Movers-De-Bresser-Bedrijfsverhuizing.jpg,fotos,https://www.de-kievit.nl/wp-content/uploads/2024/03/Top-Movers-De-Bresser-Bedrijfsverhuizing.jpg,960,720,155657,0,Top movers verhuiswagen en verhuislift,Top-Movers-De-Bresser-Bedrijfsverhuizing.jpg
2024-03_Verhuisdozen-De-Bresser.jpg,fotos,https://www.de-kievit.nl/wp-content/uploads/2024/03/Verhuisdozen-De-Bresser.jpg,1000,667,382222,3,opgestapelde verhuisdozen,Verhuisdozen-De-Bresser.jpg
2024-03_Verhuizen-Amsterdam-De-Bresser.jpg,fotos,https://www.de-kievit.nl/wp-content/uploads/2024/03/Verhuizen-Amsterdam-De-Bresser.jpg,960,720,149750,2,verhuiswagen De Bresser in Amsterdam,Verhuizen-Amsterdam-De-Bresser.jpg
2024-03_Verhuizen-Breda-Tilburg.jpg,fotos,https://www.de-kievit.nl/wp-content/uploads/2024/03/Verhuizen-Breda-Tilburg.jpg,1000,1125,1438079,0,3 mannen die een tafel verplaatsen,Verhuizen-Breda-Tilburg.jpg
2024-03_Verhuizen-planning.jpg,fotos,https://www.de-kievit.nl/wp-content/uploads/2024/03/Verhuizen-planning.jpg,1500,1000,130777,2,man die een spiegel verplaatst,Verhuizen-planning.jpg
2024-03_Warehouse-Tilburg-De-Bresser.jpg,fotos,https://www.de-kievit.nl/wp-content/uploads/2024/03/Warehouse-Tilburg-De-Bresser.jpg,1000,507,162592,1,De bresser warenhuis,Warehouse-Tilburg-De-Bresser.jpg
2024-03_Zwitersland-verhuizen.jpg,fotos,https://www.de-kievit.nl/wp-content/uploads/2024/03/Zwitersland-verhuizen.jpg,960,720,145196,0,Vrachtwagen De Bresser in Zwitserland,Zwitersland-verhuizen.jpg
2024-03_flat-appartement-verhuizingen-e1674040615430-1.jpg,fotos,https://www.de-kievit.nl/wp-content/uploads/2024/03/flat-appartement-verhuizingen-e1674040615430-1.jpg,540,384,42147,3,De Bresser verhuislift,flat-appartement-verhuizingen-e1674040615430.jpg
2024-03_image.jpeg,fotos,https://www.de-kievit.nl/wp-content/uploads/2024/03/image.jpeg,768,512,89737,0,2 mannen verplaatsen een TV,image.jpeg
2024-03_verhuislift.jpg,fotos,https://www.de-kievit.nl/wp-content/uploads/2024/03/verhuislift.jpg,720,960,99819,0,top down view verhuislift,verhuislift.jpg
2024-03_verhuizen-flat-appartement-verhuislift-1.jpg,fotos,https://www.de-kievit.nl/wp-content/uploads/2024/03/verhuizen-flat-appartement-verhuislift-1.jpg,960,540,94794,0,De bresser verhuislift,verhuizen-flat-appartement-verhuislift.jpg
2024-04_20190425DeBresser_0015LR.jpg,fotos,https://www.de-kievit.nl/wp-content/uploads/2024/04/20190425DeBresser_0015LR.jpg,889,667,305895,1,was cabine,20190425DeBresser_0015LR
2024-04_20190425DeBresser_0035LR.jpg,fotos,https://www.de-kievit.nl/wp-content/uploads/2024/04/20190425DeBresser_0035LR.jpg,1000,667,200717,0,medenwerker wasserij,20190425DeBresser_0035LR
2024-04_De-Bresser-De-duurzame-werkomgeving.jpg,fotos,https://www.de-kievit.nl/wp-content/uploads/2024/04/De-Bresser-De-duurzame-werkomgeving.jpg,1300,1102,970904,1,medewerker de bresser met busje en verhuiswagen,De Bresser – De duurzame werkomgeving
2024-04_De-Bresser-Duurzame-werkomgeving-Zakelijke-verhuizing.jpg,fotos,https://www.de-kievit.nl/wp-content/uploads/2024/04/De-Bresser-Duurzame-werkomgeving-Zakelijke-verhuizing.jpg,1200,800,1146443,0,twee verhuiswagens De Bresser,De Bresser – Duurzame werkomgeving – Zakelijke verhuizing
2024-04_De-Bresser-Huismeester-.jpg,fotos,https://www.de-kievit.nl/wp-content/uploads/2024/04/De-Bresser-Huismeester-.jpg,900,600,390383,0,mannen in overleg,De Bresser – Huismeester
2024-04_De-Bresser-Thebe-zorg-verhuizing.jpg,fotos,https://www.de-kievit.nl/wp-content/uploads/2024/04/De-Bresser-Thebe-zorg-verhuizing.jpg,1000,667,709971,6,medewerkers die een meubel vervoeren,De Bresser – Thebe zorg verhuizing
2024-04_De-Bresser-Uw-verhuis-partner.jpg,fotos,https://www.de-kievit.nl/wp-content/uploads/2024/04/De-Bresser-Uw-verhuis-partner.jpg,1200,800,921222,3,teamfoto De Bresser,De Bresser – Uw verhuis partner
2024-04_De-Bresser-Zorg-verhuizing-Zakelijk.jpg,fotos,https://www.de-kievit.nl/wp-content/uploads/2024/04/De-Bresser-Zorg-verhuizing-Zakelijk.jpg,1200,800,1001060,1,verhuiswagen Top Movers en busje De Bresser,De Bresser – Zorg verhuizing – Zakelijk
2024-04_Duurzaam-afvalscheiden-De-Bresser.jpg,fotos,https://www.de-kievit.nl/wp-content/uploads/2024/04/Duurzaam-afvalscheiden-De-Bresser.jpg,1000,667,502876,0,afvalcontainers,Duurzaam afvalscheiden – De Bresser
2024-04_Gebouwenbeheer-De-Bresser.jpg,fotos,https://www.de-kievit.nl/wp-content/uploads/2024/04/Gebouwenbeheer-De-Bresser.jpg,1300,867,546741,0,medewerker de bresser met busje en verhuiswagen,Gebouwenbeheer – De Bresser
2024-04_Verhuizingen-De-Bresser-Transport.jpg,fotos,https://www.de-kievit.nl/wp-content/uploads/2024/04/Verhuizingen-De-Bresser-Transport.jpg,1000,667,770585,3,meubels op een vrachtwagen klep,Verhuizingen – De Bresser Transport
2024-04_WMS-en-meubelpaspoort-De-Bresser.jpg,fotos,https://www.de-kievit.nl/wp-content/uploads/2024/04/WMS-en-meubelpaspoort-De-Bresser.jpg,1000,667,597360,0,2 mannen die werkzaamheden op een monitor uitvoeren,WMS en meubelpaspoort – De Bresser
2024-04_Zakelijk-verhuizing-De-Bresser-e1712154569508.jpg,fotos,https://www.de-kievit.nl/wp-content/uploads/2024/04/Zakelijk-verhuizing-De-Bresser-e1712154569508.jpg,1068,800,247408,2,mannen met verhuisdozen op een vrachtwagenklep,Zakelijk verhuizing – De Bresser
2024-04_afvoeren-of-recycle-meubelen-de-bresser.jpg,fotos,https://www.de-kievit.nl/wp-content/uploads/2024/04/afvoeren-of-recycle-meubelen-de-bresser.jpg,761,555,376354,0,opgeslagen meubels,afvoeren of recycle meubelen – de bresser
2024-04_gebouwenbeheer-De-Bresser-Duurzame-werkomgeving-1.jpg,fotos,https://www.de-kievit.nl/wp-content/uploads/2024/04/gebouwenbeheer-De-Bresser-Duurzame-werkomgeving-1.jpg,900,600,301188,0,man die verf in een bak giet,gebouwenbeheer – De Bresser – Duurzame werkomgeving
2024-04_zorg-verhuizing-de-bresser-.jpg,fotos,https://www.de-kievit.nl/wp-content/uploads/2024/04/zorg-verhuizing-de-bresser-.jpg,1000,667,578748,0,Verhuiswagen en busje De Bresser,zorg verhuizing – de bresser
2024-05_De-Bresser-Transport-foto.jpeg,fotos,https://www.de-kievit.nl/wp-content/uploads/2024/05/De-Bresser-Transport-foto.jpeg,982,715,853609,0,2 mannen die een verhuisdoos verplaatsen,De-Bresser-Transport-foto
2024-05_De-Bresser-Transport-kopie.jpg,fotos,https://www.de-kievit.nl/wp-content/uploads/2024/05/De-Bresser-Transport-kopie.jpg,1135,798,989385,0,2 mannen die een verhuisdoos verplaatsen,De-Bresser-Transport- kopie
2024-06_business-bg-small.jpg,fotos,https://www.de-kievit.nl/wp-content/uploads/2024/06/business-bg-small.jpg,1440,810,803025,10,man achter bureau die vervoert wordt 2,business-bg-small
2024-07_5c4bcacb-5f81-446e-9ba7-cd85c031073c.jpeg,fotos,https://www.de-kievit.nl/wp-content/uploads/2024/07/5c4bcacb-5f81-446e-9ba7-cd85c031073c.jpeg,1280,960,437655,1,topdown view bedrijfspand,5c4bcacb-5f81-446e-9ba7-cd85c031073c
2024-07_quick-scan-gebouwbeheer.jpg,fotos,https://www.de-kievit.nl/wp-content/uploads/2024/07/quick-scan-gebouwbeheer.jpg,1200,800,368407,1,quick scan werkzaamheden,quick-scan-gebouwbeheer
2024-04_footer-foto.png,fotos-kievit,https://www.de-kievit.nl/wp-content/uploads/2024/04/footer-foto.png,336,506,173370,53,man van top movers die een doos van kievit verhuizingen vast heeft 2,footer-foto
2024-06_csm_13092187_1276631195699898_8868448088210076373_n_a18573b74f.jpg,fotos-kievit,https://www.de-kievit.nl/wp-content/uploads/2024/06/csm_13092187_1276631195699898_8868448088210076373_n_a18573b74f.jpg,300,475,48934,0,Reclame uit oude krant,csm_13092187_1276631195699898_8868448088210076373_n_a18573b74f
2024-06_csm_MSP-dekievit_1920.72dpi_293cddfa66.jpg,fotos-kievit,https://www.de-kievit.nl/wp-content/uploads/2024/06/csm_MSP-dekievit_1920.72dpi_293cddfa66.jpg,300,150,17819,0,,csm_MSP-dekievit_1920.72dpi_293cddfa66
2024-07_11041591_1000998836596470_7213051551904365439_o.png,fotos-kievit,https://www.de-kievit.nl/wp-content/uploads/2024/07/11041591_1000998836596470_7213051551904365439_o.png,1976,1433,776030,0,De kievit verhuiswagens vroeger,11041591_1000998836596470_7213051551904365439_o
2024-07_12239250_1157422357620783_6411693261208133292_o.jpg,fotos-kievit,https://www.de-kievit.nl/wp-content/uploads/2024/07/12239250_1157422357620783_6411693261208133292_o.jpg,2048,1360,274660,1,vintage foto van een jongeman die een groep kinderen vervoert via wagen,12239250_1157422357620783_6411693261208133292_o
2024-07_12240289_1157434567619562_7390552704420950486_o.jpg,fotos-kievit,https://www.de-kievit.nl/wp-content/uploads/2024/07/12240289_1157434567619562_7390552704420950486_o.jpg,1000,800,134089,1,medewerkers De Kievit,12240289_1157434567619562_7390552704420950486_o
2024-07_387857242_903922064417643_7171895415139872106_n.jpg,fotos-kievit,https://www.de-kievit.nl/wp-content/uploads/2024/07/387857242_903922064417643_7171895415139872106_n.jpg,1080,1080,310471,0,afbeelding zorgeloos verhuizen,387857242_903922064417643_7171895415139872106_n
2024-07_435697035_1021977119278803_6972225868613602014_n.jpg,fotos-kievit,https://www.de-kievit.nl/wp-content/uploads/2024/07/435697035_1021977119278803_6972225868613602014_n.jpg,1080,1080,219402,2,lachende oudere vrouw,435697035_1021977119278803_6972225868613602014_n
2024-07_439953851_1038001187676396_894923786241562384_n.jpg,fotos-kievit,https://www.de-kievit.nl/wp-content/uploads/2024/07/439953851_1038001187676396_894923786241562384_n.jpg,1080,1080,275080,4,vrachtwagen kievit verhuizingen,439953851_1038001187676396_894923786241562384_n
2024-07_447896162_1064360201707161_6718999676371639710_n.jpg,fotos-kievit,https://www.de-kievit.nl/wp-content/uploads/2024/07/447896162_1064360201707161_6718999676371639710_n.jpg,1500,1500,557675,9,twee vrachtwagens topmovers,447896162_1064360201707161_6718999676371639710_n
2024-03_42191532-0ad7-4e06-a297-bf29f214d68d.jpg,graphics,https://www.de-kievit.nl/wp-content/uploads/2024/03/42191532-0ad7-4e06-a297-bf29f214d68d.jpg,1200,700,62470,3,,42191532-0ad7-4e06-a297-bf29f214d68d.jpg
2024-03_De-Bresser-Top-Movers-Clini-Clowns.png,graphics,https://www.de-kievit.nl/wp-content/uploads/2024/03/De-Bresser-Top-Movers-Clini-Clowns.png,800,517,562126,0,Top movers verhuisdoos met Clini Clowns,De-Bresser-Top-Movers-Clini-Clowns.png
2024-03_KaartNederland.png,graphics,https://www.de-kievit.nl/wp-content/uploads/2024/03/KaartNederland.png,529,561,42012,0,plattegrond nederland grijs,KaartNederland
2024-03_TopMovers-DeBresser-Duurzaam-verhuizen.png,graphics,https://www.de-kievit.nl/wp-content/uploads/2024/03/TopMovers-DeBresser-Duurzaam-verhuizen.png,1789,1861,448405,0,duurzame bedrijfsactiviteiten,TopMovers-DeBresser-Duurzaam-verhuizen.png
2024-03_background-topmovers-debresser.png,graphics,https://www.de-kievit.nl/wp-content/uploads/2024/03/background-topmovers-debresser.png,1561,1122,65347,0,achtergrond bij met honinggraat grijs,background-topmovers-debresser.png
2024-04_Locaties-De-Bresser-Nederland.png,graphics,https://www.de-kievit.nl/wp-content/uploads/2024/04/Locaties-De-Bresser-Nederland.png,1063,1264,73245,1,plattegrond nederland,Locaties De Bresser Nederland
2024-03_1-plan-video-chat-de-bresser.png,iconen,https://www.de-kievit.nl/wp-content/uploads/2024/03/1-plan-video-chat-de-bresser.png,362,362,8391,17,,1-plan-video-chat-de-bresser.png
2024-03_2-plan-video-chat-de-bresser.png,iconen,https://www.de-kievit.nl/wp-content/uploads/2024/03/2-plan-video-chat-de-bresser.png,362,362,9374,17,,2-plan-video-chat-de-bresser.png
2024-03_3-plan-video-chat-de-bresser.png,iconen,https://www.de-kievit.nl/wp-content/uploads/2024/03/3-plan-video-chat-de-bresser.png,362,362,9794,17,,3-plan-video-chat-de-bresser.png
2024-03_IcoonAssetManager.png,iconen,https://www.de-kievit.nl/wp-content/uploads/2024/03/IcoonAssetManager.png,32,43,1128,0,icoon bureaustoel,IcoonAssetManager
2024-03_IcoonBouwBeheer.png,iconen,https://www.de-kievit.nl/wp-content/uploads/2024/03/IcoonBouwBeheer.png,31,33,817,0,icoon gebouw,IcoonBouwBeheer
2024-03_IcoonDuurzameWerkomgeving.png,iconen,https://www.de-kievit.nl/wp-content/uploads/2024/03/IcoonDuurzameWerkomgeving.png,24,32,816,0,icoon blad,IcoonDuurzameWerkomgeving
2024-03_IcoonLocatie.png,iconen,https://www.de-kievit.nl/wp-content/uploads/2024/03/IcoonLocatie.png,44,44,1294,0,icoon locatie,IcoonLocatie
2024-03_IcoonLocatieGroen.png,iconen,https://www.de-kievit.nl/wp-content/uploads/2024/03/IcoonLocatieGroen.png,25,33,816,0,icoon locatie,IcoonLocatieGroen
2024-03_IcoonMail.png,iconen,https://www.de-kievit.nl/wp-content/uploads/2024/03/IcoonMail.png,45,44,1120,0,icoon mail,IcoonMail
2024-03_IcoonMeubelProjecten.png,iconen,https://www.de-kievit.nl/wp-content/uploads/2024/03/IcoonMeubelProjecten.png,49,31,629,0,icoon bank,IcoonMeubelProjecten
2024-03_IcoonOpslag.png,iconen,https://www.de-kievit.nl/wp-content/uploads/2024/03/IcoonOpslag.png,39,35,532,2,icoon opslag,IcoonOpslag
2024-03_IcoonOpslag2.png,iconen,https://www.de-kievit.nl/wp-content/uploads/2024/03/IcoonOpslag2.png,63,63,1732,0,icoon opslag,IcoonOpslag2
2024-03_IcoonTelefoon.png,iconen,https://www.de-kievit.nl/wp-content/uploads/2024/03/IcoonTelefoon.png,44,44,1221,0,icoon telefoon,IcoonTelefoon
2024-03_IcoonVerhuizen.png,iconen,https://www.de-kievit.nl/wp-content/uploads/2024/03/IcoonVerhuizen.png,48,39,1809,2,icoon verhuizen,IcoonVerhuizen
2024-03_IcoonVerhuizen2.png,iconen,https://www.de-kievit.nl/wp-content/uploads/2024/03/IcoonVerhuizen2.png,70,70,2907,0,icoon verhuisdozen,IcoonVerhuizen2
2024-03_bresser-topmovers-tweedekans.png,iconen,https://www.de-kievit.nl/wp-content/uploads/2024/03/bresser-topmovers-tweedekans.png,504,437,30593,0,icoon tweedekans,bresser-topmovers-tweedekans.png
2024-03_complete-verhuizing2.png,iconen,https://www.de-kievit.nl/wp-content/uploads/2024/03/complete-verhuizing2.png,341,378,12191,1,icoon complete verhuizing,complete-verhuizing2.png
2024-03_debresser-topmovers-Afvalverwerking-.png,iconen,https://www.de-kievit.nl/wp-content/uploads/2024/03/debresser-topmovers-Afvalverwerking-.png,500,501,6285,0,icoon recyclen,debresser-topmovers-Afvalverwerking-.png
2024-03_debresser-topmovers-co2uitstoot.png,iconen,https://www.de-kievit.nl/wp-content/uploads/2024/03/debresser-topmovers-co2uitstoot.png,759,612,21228,0,icoon co2 uitstoot,debresser-topmovers-co2uitstoot.png
2024-03_debresser-topmovers-collectief.png,iconen,https://www.de-kievit.nl/wp-content/uploads/2024/03/debresser-topmovers-collectief.png,814,506,50662,0,icoon van een bij en bloem,debresser-topmovers-collectief.png
2024-03_debresser-topmovers-onlinetaxaties.png,iconen,https://www.de-kievit.nl/wp-content/uploads/2024/03/debresser-topmovers-onlinetaxaties.png,273,231,4683,0,icoon online taxaties,debresser-topmovers-onlinetaxaties.png
2024-03_debresser-topmovers-retourname-kleding.png,iconen,https://www.de-kievit.nl/wp-content/uploads/2024/03/debresser-topmovers-retourname-kleding.png,611,613,9126,0,icoon kleding retour,debresser-topmovers-retourname-kleding.png
2024-03_debresser-topmovers-slimmereroutes.png,iconen,https://www.de-kievit.nl/wp-content/uploads/2024/03/debresser-topmovers-slimmereroutes.png,828,447,16817,0,icoon routes,debresser-topmovers-slimmereroutes.png
2024-03_debresser-topmovers-zonnepanelen.png,iconen,https://www.de-kievit.nl/wp-content/uploads/2024/03/debresser-topmovers-zonnepanelen.png,473,509,4072,0,icoon zonnepanelen,debresser-topmovers-zonnepanelen.png
2024-03_debressertopmovers-sociaal.png,iconen,https://www.de-kievit.nl/wp-content/uploads/2024/03/debressertopmovers-sociaal.png,764,724,7781,0,icoon 3 poppetjes,debressertopmovers-sociaal.png
2024-03_deel-verhuizingen.png,iconen,https://www.de-kievit.nl/wp-content/uploads/2024/03/deel-verhuizingen.png,278,278,10404,0,icoon deel verhuizingen,deel-verhuizingen.png
2024-03_enkele-dozen2.png,iconen,https://www.de-kievit.nl/wp-content/uploads/2024/03/enkele-dozen2.png,271,391,10364,0,icoon dozen,enkele-dozen2.png
2024-03_image.svg,iconen,https://www.de-kievit.nl/wp-content/uploads/2024/03/image.svg,,,2224,0,Logo de kievit verhuizingen,image
2024-03_topmovers-bresser-duurzameverpakkingsmaterialen.png,iconen,https://www.de-kievit.nl/wp-content/uploads/2024/03/topmovers-bresser-duurzameverpakkingsmaterialen.png,537,666,43153,0,icoon duurzaam,topmovers-bresser-duurzameverpakkingsmaterialen.png
2024-06_Klusjes-De-Kievit.png,iconen,https://www.de-kievit.nl/wp-content/uploads/2024/06/Klusjes-De-Kievit.png,333,320,45098,0,icoon klusjes,Klusjes – De Kievit
2024-06_Tijdelijke-opslag-de-kievit_.png,iconen,https://www.de-kievit.nl/wp-content/uploads/2024/06/Tijdelijke-opslag-de-kievit_.png,333,320,56678,0,icoon tijdelijke opslag,Tijdelijke opslag – de kievit_
2024-06_de-kievit-in-en-uitpak-service.png,iconen,https://www.de-kievit.nl/wp-content/uploads/2024/06/de-kievit-in-en-uitpak-service.png,333,320,56926,0,icoon in en uitpak service,de kievit in en uitpak service
2024-06_meubels-monteren-de-kievit.png,iconen,https://www.de-kievit.nl/wp-content/uploads/2024/06/meubels-monteren-de-kievit.png,333,320,45471,0,icoon meubels monteren,meubels monteren – de kievit
2024-03_De-Bresser-Top-movers.png,logos,https://www.de-kievit.nl/wp-content/uploads/2024/03/De-Bresser-Top-movers.png,1946,929,50645,0,Logo Topmovers,De Bresser – Top movers
2024-03_DeBresser-100jaar.svg,logos,https://www.de-kievit.nl/wp-content/uploads/2024/03/DeBresser-100jaar.svg,,,4276,0,Logo 100 jaar de bresser,DeBresser-100jaar.svg
2024-03_Erkende-Verhuizer-Tilburg-Breda-De-Bresser-e1674057204965.jpg,logos,https://www.de-kievit.nl/wp-content/uploads/2024/03/Erkende-Verhuizer-Tilburg-Breda-De-Bresser-e1674057204965.jpg,675,359,34132,2,logo erkende verhuizers blauw,Erkende-Verhuizer-Tilburg-Breda-De-Bresser-e1674057204965.jpg
2024-03_Schermafbeelding-2023-10-03-om-13.24.01.png,logos,https://www.de-kievit.nl/wp-content/uploads/2024/03/Schermafbeelding-2023-10-03-om-13.24.01.png,1016,942,59745,0,logo 100 jaar de Bresser,Schermafbeelding-2023-10-03-om-13.24.01.png
2024-03_cropped-image.jpg,logos,https://www.de-kievit.nl/wp-content/uploads/2024/03/cropped-image.jpg,512,512,16256,53,cropped logo Kievit verhuizingen 2,cropped-image.jpg
2024-03_logo-2.png,logos,https://www.de-kievit.nl/wp-content/uploads/2024/03/logo-2.png,319,297,26370,1,logo postnl,logo-2.png
2024-03_stadslogistiek-debresser.jpg,logos,https://www.de-kievit.nl/wp-content/uploads/2024/03/stadslogistiek-debresser.jpg,469,266,21004,1,logo stadslogistiek,stadslogistiek-debresser.jpg
2024-03_topmovers-logo-duurzaam.png,logos,https://www.de-kievit.nl/wp-content/uploads/2024/03/topmovers-logo-duurzaam.png,824,519,33125,0,logo Topmovers duurzaam,topmovers-logo-duurzaam.png
2024-04_De-Bresser-favicon.png,logos,https://www.de-kievit.nl/wp-content/uploads/2024/04/De-Bresser-favicon.png,291,289,13225,0,favicon de bresser,De Bresser favicon
2024-04_Erkende-project-verhuizers.png,logos,https://www.de-kievit.nl/wp-content/uploads/2024/04/Erkende-project-verhuizers.png,213,96,5323,53,logo erkende verhuizers wit,Erkende-project verhuizers
2024-04_TOP-MOVERS-De-Bresser.png,logos,https://www.de-kievit.nl/wp-content/uploads/2024/04/TOP-MOVERS-De-Bresser.png,813,387,17177,53,Logo topmovers wit,TOP-MOVERS-De Bresser
2024-04_erkende-verhuizers-1.png,logos,https://www.de-kievit.nl/wp-content/uploads/2024/04/erkende-verhuizers-1.png,451,236,13926,0,logo erkende verhuizers wit,erkende-verhuizers
2024-04_erkende-verhuizers.png,logos,https://www.de-kievit.nl/wp-content/uploads/2024/04/erkende-verhuizers.png,513,317,13541,0,logo erkende verhuizers blauw,erkende-verhuizers
2024-04_international-association-of-movers-300x170-1.png,logos,https://www.de-kievit.nl/wp-content/uploads/2024/04/international-association-of-movers-300x170-1.png,300,170,18272,53,Logo IAM wit,international-association-of-movers-300×170-1
2024-04_logo_fedemac-768x156-1.png,logos,https://www.de-kievit.nl/wp-content/uploads/2024/04/logo_fedemac-768x156-1.png,768,156,20387,53,Logo Fedemac wit,logo_fedemac-768×156
2024-06_Erkende-verhuizers-De-Bresser@300x.png,logos,https://www.de-kievit.nl/wp-content/uploads/2024/06/Erkende-verhuizers-De-Bresser@300x.png,3436,854,73520,53,Logo erkende verhuizers wit,Erkende verhuizers – De Bresser@300x
2024-07_De-Bresser-Logo-2024-WIT.png,logos,https://www.de-kievit.nl/wp-content/uploads/2024/07/De-Bresser-Logo-2024-WIT.png,2809,2777,193100,53,Logo De Bresser wit,De Bresser Logo – 2024 WIT
2024-07_De-Bresser-Logo-2024.png,logos,https://www.de-kievit.nl/wp-content/uploads/2024/07/De-Bresser-Logo-2024.png,2809,2777,215814,1,Logo De Bresser,De Bresser Logo – 2024
2024-03_Checklist-internationale-verhuizing.jpg,stock,https://www.de-kievit.nl/wp-content/uploads/2024/03/Checklist-internationale-verhuizing.jpg,640,426,44744,1,checklist,Checklist-internationale-verhuizing.jpg
2024-03_De-Bresser-Zorg-verhuizing.jpg,stock,https://www.de-kievit.nl/wp-content/uploads/2024/03/De-Bresser-Zorg-verhuizing.jpg,2473,1649,405389,0,ouderen mensen en verhuisdozen,De-Bresser-Zorg-verhuizing.jpg
2024-03_De-Bresser-intervieuw-klant.jpg,stock,https://www.de-kievit.nl/wp-content/uploads/2024/03/De-Bresser-intervieuw-klant.jpg,1280,853,233104,0,2 kinderen die aan het tekenen zijn,De-Bresser-intervieuw-klant.jpg
2024-03_Handyman-Verhuizing-goed-geregeld.jpg,stock,https://www.de-kievit.nl/wp-content/uploads/2024/03/Handyman-Verhuizing-goed-geregeld.jpg,640,426,54311,2,mannen die elkaar een hand geven,Handyman-Verhuizing-goed-geregeld.jpg
2024-03_Verhuisdatum-prikken-De-Bresser-1.jpg,stock,https://www.de-kievit.nl/wp-content/uploads/2024/03/Verhuisdatum-prikken-De-Bresser-1.jpg,640,426,60399,1,,Verhuisdatum-prikken-De-Bresser.jpg
2024-03_Verhuizen-naar-Den-Bosch.jpg,stock,https://www.de-kievit.nl/wp-content/uploads/2024/03/Verhuizen-naar-Den-Bosch.jpg,853,1280,518331,0,kerk Den Bosch,Verhuizen-naar-Den-Bosch.jpg
2024-03_background-topmoversduurzaam.jpg,stock,https://www.de-kievit.nl/wp-content/uploads/2024/03/background-topmoversduurzaam.jpg,2487,1760,136064,0,,background-topmoversduurzaam.jpg
2024-03_brussels-debresser.jpg,stock,https://www.de-kievit.nl/wp-content/uploads/2024/03/brussels-debresser.jpg,640,427,103590,0,centrum Brussel,brussels-debresser.jpg
2024-03_doneren-particulier-de-bresser-villa-pardoes.jpg,stock,https://www.de-kievit.nl/wp-content/uploads/2024/03/doneren-particulier-de-bresser-villa-pardoes.jpg,640,426,39424,1,vrouw die duimen opsteekt,doneren-particulier-de-bresser-villa-pardoes.jpg
2024-03_headerimage-3-1378x720-1-e1591792252476.jpg,stock,https://www.de-kievit.nl/wp-content/uploads/2024/03/headerimage-3-1378x720-1-e1591792252476.jpg,1202,720,168106,1,man en oudere dame die lachen,headerimage-3-1378×720-1-e1591792252476.jpg
2024-03_vehruizen-spullen-een-tweede-leven.jpg,stock,https://www.de-kievit.nl/wp-content/uploads/2024/03/vehruizen-spullen-een-tweede-leven.jpg,1280,720,173211,1,opgehangen shirts,vehruizen-spullen-een-tweede-leven.jpg
2024-04_Contact-Business-Consultant.jpg,stock,https://www.de-kievit.nl/wp-content/uploads/2024/04/Contact-Business-Consultant.jpg,960,784,68707,0,afbeelding werknemer vrouw,Contact-Business-Consultant.jpg
2024-06_private-bg-small.jpg,stock,https://www.de-kievit.nl/wp-content/uploads/2024/06/private-bg-small.jpg,1440,810,183001,0,rijtjeshuizen 2,private-bg-small
2024-06_storage-bg-small-kopie.jpg,stock,https://www.de-kievit.nl/wp-content/uploads/2024/06/storage-bg-small-kopie.jpg,1440,810,379999,0,security met 2 honden 2,storage-bg-small kopie
2025-03_Verhuizen-naar-UK-Engeland-.jpg,stock,https://www.de-kievit.nl/wp-content/uploads/2025/03/Verhuizen-naar-UK-Engeland-.jpg,900,583,282893,1,Tolweg,Verhuizen naar UK – Engeland
2024-03_Aafke-1-circle.png,team,https://www.de-kievit.nl/wp-content/uploads/2024/03/Aafke-1-circle.png,500,500,335064,0,foto aafke,Aafke-1-circle.png
2024-03_Aafke-Smetsers-binnendienst-De-Bresser.jpg,team,https://www.de-kievit.nl/wp-content/uploads/2024/03/Aafke-Smetsers-binnendienst-De-Bresser.jpg,800,1067,613327,0,foto Aafke,Aafke-Smetsers-binnendienst-De-Bresser.jpg
2024-03_Aaron-2-scaled-1.jpg,team,https://www.de-kievit.nl/wp-content/uploads/2024/03/Aaron-2-scaled-1.jpg,1920,2560,276504,0,foto Aaron,Aaron-2-scaled.jpg
2024-03_Anne-Kienhuis-Facilitair-medewerker.jpg,team,https://www.de-kievit.nl/wp-content/uploads/2024/03/Anne-Kienhuis-Facilitair-medewerker.jpg,1200,800,597821,3,foto anne,Anne-Kienhuis-Facilitair-medewerker.jpg
2024-03_Carla-circle.png,team,https://www.de-kievit.nl/wp-content/uploads/2024/03/Carla-circle.png,500,500,281520,0,foto carla,Carla-circle.png
2024-03_Danique-DeBresser.png,team,https://www.de-kievit.nl/wp-content/uploads/2024/03/Danique-DeBresser.png,906,1200,915770,0,foto danique,Danique-DeBresser.png
2024-03_Eric-circle.png,team,https://www.de-kievit.nl/wp-content/uploads/2024/03/Eric-circle.png,500,500,279023,0,foto eric,Eric-circle.png
2024-03_Femke-circle.png,team,https://www.de-kievit.nl/wp-content/uploads/2024/03/Femke-circle.png,500,500,339521,0,Foto Femke,Femke-circle.png
2024-03_Ineke-1-circle.png,team,https://www.de-kievit.nl/wp-content/uploads/2024/03/Ineke-1-circle.png,500,500,331974,0,foto ineke,Ineke-1-circle.png
2024-03_Jeanine-Schoenmakers-2.png,team,https://www.de-kievit.nl/wp-content/uploads/2024/03/Jeanine-Schoenmakers-2.png,900,1200,516563,0,foto jeanine,Jeanine-Schoenmakers-2.png
2024-03_Niels-1-circle.png,team,https://www.de-kievit.nl/wp-content/uploads/2024/03/Niels-1-circle.png,500,500,351011,0,foto niels,Niels-1-circle.png
2024-03_Patrick-van-Loon-circle.png,team,https://www.de-kievit.nl/wp-content/uploads/2024/03/Patrick-van-Loon-circle.png,500,500,291507,0,foto patrick,Patrick-van-Loon-circle.png
2024-03_Rick-circle.png,team,https://www.de-kievit.nl/wp-content/uploads/2024/03/Rick-circle.png,500,500,344573,0,foto rick,Rick-circle.png
2024-03_Tatjana-De-Bresser1.jpg,team,https://www.de-kievit.nl/wp-content/uploads/2024/03/Tatjana-De-Bresser1.jpg,900,1200,465401,0,foto tatjana,Tatjana-De-Bresser1.jpg
2024-03_Tim-verhuisdoos-headerfoto-1600x450px-1600x450-1-scaled-e1576683775347-1.jpg,team,https://www.de-kievit.nl/wp-content/uploads/2024/03/Tim-verhuisdoos-headerfoto-1600x450px-1600x450-1-scaled-e1576683775347-1.jpg,637,423,40861,1,man met verhuisdoos,Tim-verhuisdoos-headerfoto-1600x450px-1600×450-1-scaled-e1576683775347.jpg
2024-03_Tomas-1-e1659442906348-circle.png,team,https://www.de-kievit.nl/wp-content/uploads/2024/03/Tomas-1-e1659442906348-circle.png,410,410,215258,0,foto tomas,Tomas-1-e1659442906348-circle.png
2024-03_Yvonne.jpg,team,https://www.de-kievit.nl/wp-content/uploads/2024/03/Yvonne.jpg,1536,2048,681786,0,foto Yvonne,Yvonne.jpg
