bestand,map,bron_url,breedte,hoogte,bytes,gebruikt_op_paginas,alt,titel,md5,identiek_aan
2024-03_20190515DeBresser_0106LR.jpg,fotos,https://www.debresser.nl/wp-content/uploads/2024/03/20190515DeBresser_0106LR.jpg,1000,667,246321,2,Foto verhuiswerkzaamheid,20190515DeBresser_0106LR.jpg,b0ca8bbdfd28af34bf99feac7e29fadb,de-kievit-nl/fotos/2024-03_20190515DeBresser_0106LR.jpg
2024-03_Asset-management-De-Bresser.jpg,fotos,https://www.debresser.nl/wp-content/uploads/2024/03/Asset-management-De-Bresser.jpg,1000,667,403195,127,asset management werkzaamheden,Asset management – De Bresser,c216a4a34cc6b861fcf3d9fe9a6a2b90,de-kievit-nl/fotos/2024-03_Asset-management-De-Bresser.jpg
2024-03_De-Breser-particuliere-verhuizing.jpg,fotos,https://www.debresser.nl/wp-content/uploads/2024/03/De-Breser-particuliere-verhuizing.jpg,1000,667,335183,2,meubel transport,De-Breser-particuliere-verhuizing.jpg,1d826d363593ef9f35bad1d00dce2209,de-kievit-nl/fotos/2024-03_De-Breser-particuliere-verhuizing.jpg
2024-03_De-Bresser-Afbeelding-2.png,fotos,https://www.debresser.nl/wp-content/uploads/2024/03/De-Bresser-Afbeelding-2.png,800,1160,1404867,3,2 medewerkers De Bresser,De-Bresser-Afbeelding-2.png,30b25ce5180e5d4e8ea4b6eee535429c,de-kievit-nl/fotos/2024-03_De-Bresser-Afbeelding-2.png
2024-03_De-Bresser-Duitsland.jpg,fotos,https://www.debresser.nl/wp-content/uploads/2024/03/De-Bresser-Duitsland.jpg,466,590,182672,2,De Bresser in Duitsland,De-Bresser-Duitsland.jpg,be5de6697c39a96ea84b0d051c478f83,de-kievit-nl/fotos/2024-03_De-Bresser-Duitsland.jpg
2024-03_De-Bresser-Full-service-Logistiek.jpg,fotos,https://www.debresser.nl/wp-content/uploads/2024/03/De-Bresser-Full-service-Logistiek.jpg,1200,780,858278,4,Groepsfoto medewerkers De Bresser,De-Bresser-Full-service-Logistiek.jpg,3126dc4b3114338dff08c32389f6891b,
2024-03_De-Bresser-Full-Service-Opslag.jpg,fotos,https://www.debresser.nl/wp-content/uploads/2024/03/De-Bresser-Full-Service-Opslag.jpg,1000,1000,991087,127,Full service opslag,De-Bresser-Full-Service-Opslag.jpg,7b422e099d2c48b1f8d9fd0015d3458d,de-kievit-nl/fotos/2024-03_De-Bresser-Full-Service-Opslag.jpg
2024-03_De-Bresser-inboedelopslag.jpg,fotos,https://www.debresser.nl/wp-content/uploads/2024/03/De-Bresser-inboedelopslag.jpg,1200,772,926227,3,Heftruck,De-Bresser-inboedelopslag.jpg,d6d32ff775e8c6b2fb4534f2ff9c8f79,de-kievit-nl/fotos/2024-03_De-Bresser-inboedelopslag.jpg
2024-03_De-Bresser-Internationaal-verhuizen-zwitersland-1.jpg,fotos,https://www.debresser.nl/wp-content/uploads/2024/03/De-Bresser-Internationaal-verhuizen-zwitersland-1.jpg,1600,720,366861,1,De Bresser in Zwitserland,De-Bresser-Internationaal-verhuizen-zwitersland.jpg,271c37a7280b607168adbee7f533365b,de-kievit-nl/fotos/2024-03_De-Bresser-Internationaal-verhuizen-zwitersland-1.jpg;debresser-nl/fotos/2024-03_De-Bresser-Internationaal-verhuizen-zwitersland.jpg
2024-03_De-Bresser-Internationaal-verhuizen-zwitersland.jpg,fotos,https://www.debresser.nl/wp-content/uploads/2024/03/De-Bresser-Internationaal-verhuizen-zwitersland.jpg,1600,720,366861,1,De Bresser Zwitserland,De-Bresser-Internationaal-verhuizen-zwitersland.jpg,271c37a7280b607168adbee7f533365b,de-kievit-nl/fotos/2024-03_De-Bresser-Internationaal-verhuizen-zwitersland-1.jpg;debresser-nl/fotos/2024-03_De-Bresser-Internationaal-verhuizen-zwitersland-1.jpg
2024-03_De-Bresser-Kantoor.png,fotos,https://www.debresser.nl/wp-content/uploads/2024/03/De-Bresser-Kantoor.png,906,604,1352383,0,De Bresser Kantoor,De-Bresser-Kantoor.png,986589d84f98d077e0896831444e524a,de-kievit-nl/fotos/2024-03_De-Bresser-Kantoor.png
2024-03_De-Bresser-Meubeltransport-montage-service.jpg,fotos,https://www.debresser.nl/wp-content/uploads/2024/03/De-Bresser-Meubeltransport-montage-service.jpg,900,1350,812556,127,meubeltransport,De-Bresser-Meubeltransport-montage-service.jpg,65daff501aef8f5c9be6c6f3e660abf5,de-kievit-nl/fotos/2024-03_De-Bresser-Meubeltransport-montage-service.jpg;debresser-nl/fotos/2024-03_De-Bresser-Senioren-verhuizing.jpg
2024-03_De-Bresser-Particuliere-verhuizingen-e1670931389225.jpg,fotos,https://www.debresser.nl/wp-content/uploads/2024/03/De-Bresser-Particuliere-verhuizingen-e1670931389225.jpg,829,1075,95453,5,Particuliere verhuizing,De-Bresser-Particuliere-verhuizingen–e1670931389225.jpg,fe416c9632df8eae8f8cc26cbce0b3b7,de-kievit-nl/fotos/2024-03_De-Bresser-Particuliere-verhuizingen-e1670931389225.jpg
2024-03_De-Bresser-Senioren-verhuizing.jpg,fotos,https://www.debresser.nl/wp-content/uploads/2024/03/De-Bresser-Senioren-verhuizing.jpg,900,1350,812556,1,seniorenmeubel inpakken,De-Bresser-Senioren-verhuizing.jpg,65daff501aef8f5c9be6c6f3e660abf5,de-kievit-nl/fotos/2024-03_De-Bresser-Meubeltransport-montage-service.jpg;debresser-nl/fotos/2024-03_De-Bresser-Meubeltransport-montage-service.jpg
2024-03_De-Bresser-Transport--e1787651507557.jpg,fotos,https://www.debresser.nl/wp-content/uploads/2024/03/De-Bresser-Transport--e1787651507557.jpg,800,622,161343,127,Transport,De-Bresser-Transport-.jpg,c9c9e751454e78737ce83874b82da680,
2024-03_De-Bresser-Transport-.jpg,fotos,https://www.debresser.nl/wp-content/uploads/2024/03/De-Bresser-Transport-.jpg,900,700,680585,6,,De-Bresser-Transport-.jpg,bfb04847406c44784350ef995b72ed63,de-kievit-nl/fotos/2024-03_De-Bresser-Transport-.jpg
2024-03_De-Bresser-Transport-Contact-e1711724004960.png,fotos,https://www.debresser.nl/wp-content/uploads/2024/03/De-Bresser-Transport-Contact-e1711724004960.png,336,506,171440,108,Foto medewerker met doos,De Bresser – Transport – Contact,cae46d9f735a7ef16a37cf6d04457b0f,de-kievit-nl/fotos/2024-03_De-Bresser-Transport-Contact-e1711724004960.png
2024-03_De-Bresser-Transport-Contact.png,fotos,https://www.debresser.nl/wp-content/uploads/2024/03/De-Bresser-Transport-Contact.png,336,531,176979,0,Foto medewerker met doos,De Bresser – Transport – Contact (onbewerkt origineel van 2024-03_De-Bresser-Transport-Contact-e1711724004960.png),30bf137ddd7a36e3471151ee8de9a5d5,
2024-03_De-Bresser-Verhuisbedrijf-Tilburg-e1787651591557.jpg,fotos,https://www.debresser.nl/wp-content/uploads/2024/03/De-Bresser-Verhuisbedrijf-Tilburg-e1787651591557.jpg,1300,845,266950,109,Teamfoto met bus en vrachtwagen,De-Bresser-Verhuisbedrijf-Tilburg.jpg,d893f4c7d867f204b98d575c53271e9c,
2024-03_De-Bresser-Verhuisbedrijf-Tilburg.jpg,fotos,https://www.debresser.nl/wp-content/uploads/2024/03/De-Bresser-Verhuisbedrijf-Tilburg.jpg,1600,1040,607574,0,Teamfoto met bus en vrachtwagen,De-Bresser-Verhuisbedrijf-Tilburg.jpg (onbewerkt origineel van 2024-03_De-Bresser-Verhuisbedrijf-Tilburg-e1787651591557.jpg),1f6cce45cd22bf5c24b3d4dc884bb26e,de-kievit-nl/fotos/2024-03_De-Bresser-Verhuisbedrijf-Tilburg.jpg
2024-03_De-Bresser-verhuizen-frankrijk.jpg,fotos,https://www.debresser.nl/wp-content/uploads/2024/03/De-Bresser-verhuizen-frankrijk.jpg,1000,667,209450,0,De Bresser verhuiswagen,De-Bresser-verhuizen-frankrijk.jpg,d5919c90a611a0b6660c70ce3d07b521,de-kievit-nl/fotos/2024-03_De-Bresser-verhuizen-frankrijk.jpg
2024-03_De-Bresser-verhuizen-opslag-logistiek-1.jpg,fotos,https://www.debresser.nl/wp-content/uploads/2024/03/De-Bresser-verhuizen-opslag-logistiek-1.jpg,800,547,469248,2,Groepsfoto,De-Bresser-verhuizen-opslag-logistiek.jpg,ea4434930a32e21d8f3218f9f7122d3a,de-kievit-nl/fotos/2024-03_De-Bresser-verhuizen-opslag-logistiek-2.jpg;debresser-nl/fotos/2024-03_De-Bresser-verhuizen-opslag-logistiek-2.jpg
2024-03_De-Bresser-verhuizen-opslag-logistiek-2.jpg,fotos,https://www.debresser.nl/wp-content/uploads/2024/03/De-Bresser-verhuizen-opslag-logistiek-2.jpg,800,547,469248,1,Groepsfoto met verhuiswagen De Bresser,De-Bresser-verhuizen-opslag-logistiek.jpg,ea4434930a32e21d8f3218f9f7122d3a,de-kievit-nl/fotos/2024-03_De-Bresser-verhuizen-opslag-logistiek-2.jpg;debresser-nl/fotos/2024-03_De-Bresser-verhuizen-opslag-logistiek-1.jpg
2024-03_De-Bresser-Verhuizen-Opslag-Logistiek-3.jpg,fotos,https://www.debresser.nl/wp-content/uploads/2024/03/De-Bresser-Verhuizen-Opslag-Logistiek-3.jpg,1300,867,1277062,1,De Bresser vrachtwagen uitladen,De-Bresser-Verhuizen-Opslag-Logistiek.jpg,f5e0cad70dd7d6bfda7e0eb76ca67e1b,de-kievit-nl/fotos/2024-03_De-Bresser-Verhuizen-Opslag-Logistiek-3.jpg;debresser-nl/fotos/2024-03_De-Bresser-Verhuizen-Opslag-Logistiek.jpg
2024-03_De-Bresser-Verhuizen-Opslag-Logistiek.jpg,fotos,https://www.debresser.nl/wp-content/uploads/2024/03/De-Bresser-Verhuizen-Opslag-Logistiek.jpg,1300,867,1277062,5,Dozen uitladen,De-Bresser-Verhuizen-Opslag-Logistiek.jpg,f5e0cad70dd7d6bfda7e0eb76ca67e1b,de-kievit-nl/fotos/2024-03_De-Bresser-Verhuizen-Opslag-Logistiek-3.jpg;debresser-nl/fotos/2024-03_De-Bresser-Verhuizen-Opslag-Logistiek-3.jpg
2024-03_De-Bresser-Verhuizingen-Brabant.jpg,fotos,https://www.debresser.nl/wp-content/uploads/2024/03/De-Bresser-Verhuizingen-Brabant.jpg,621,900,516870,2,2 medewerkers,De-Bresser-Verhuizingen-Brabant.jpg,0a57eccaf96f559cb5fa741687ec6bde,de-kievit-nl/fotos/2024-03_De-Bresser-Verhuizingen-Brabant.jpg
2024-03_De-Bresser-Verhuizingen-Oisterwijk.jpg,fotos,https://www.debresser.nl/wp-content/uploads/2024/03/De-Bresser-Verhuizingen-Oisterwijk.jpg,1200,800,885391,7,Foto kantoor Oisterwijk,De-Bresser-Verhuizingen-Oisterwijk.jpg,85f28ff68f34a52c291b4fa1e38be729,de-kievit-nl/fotos/2024-03_De-Bresser-Verhuizingen-Oisterwijk.jpg
2024-03_De-Bresser-Verhuizingen.jpg,fotos,https://www.debresser.nl/wp-content/uploads/2024/03/De-Bresser-Verhuizingen.jpg,1300,805,919547,12,Groepsfoto met verhuiswagen,De-Bresser-Verhuizingen.jpg,53d58330ddc7a668387efb7eb44ce76d,de-kievit-nl/fotos/2024-03_De-Bresser-Verhuizingen.jpg
2024-03_De-Bresser-Verhuzingen-Logistiek-Transport.jpg,fotos,https://www.debresser.nl/wp-content/uploads/2024/03/De-Bresser-Verhuzingen-Logistiek-Transport.jpg,1800,808,1303986,3,Logistiek transport Top Movers,De-Bresser-Verhuzingen-Logistiek-Transport.jpg,418473d50f76c1afa90cac7f734656e5,de-kievit-nl/fotos/2024-03_De-Bresser-Verhuzingen-Logistiek-Transport.jpg
2024-03_De-bresser-zakelijk-verhuizen-1.jpg,fotos,https://www.debresser.nl/wp-content/uploads/2024/03/De-bresser-zakelijk-verhuizen-1.jpg,1500,1000,183736,4,zakelijke spullen inpakken,De-bresser-zakelijk-verhuizen.jpg,197af6728afdbab0673932e37fe65421,de-kievit-nl/fotos/2024-03_De-bresser-zakelijk-verhuizen-1.jpg;debresser-nl/fotos/2024-03_De-bresser-zakelijk-verhuizen.jpg
2024-03_De-bresser-zakelijk-verhuizen.jpg,fotos,https://www.debresser.nl/wp-content/uploads/2024/03/De-bresser-zakelijk-verhuizen.jpg,1500,1000,183736,1,zakelijke spullen inpakken 2,De-bresser-zakelijk-verhuizen.jpg,197af6728afdbab0673932e37fe65421,de-kievit-nl/fotos/2024-03_De-bresser-zakelijk-verhuizen-1.jpg;debresser-nl/fotos/2024-03_De-bresser-zakelijk-verhuizen-1.jpg
2024-03_Duurzaamheidsverslag-2022-TM-dubbel40.jpg,fotos,https://www.debresser.nl/wp-content/uploads/2024/03/Duurzaamheidsverslag-2022-TM-dubbel40.jpg,2487,1760,306873,2,werkzaamheden Top Movers,Duurzaamheidsverslag-2022-TM-dubbel40.jpg,072ae2c42630d12ea88e5d979fdc601d,de-kievit-nl/fotos/2024-03_Duurzaamheidsverslag-2022-TM-dubbel40.jpg
2024-03_Erkende-verhuizer-bedrijf-De-Bresser-1.jpg,fotos,https://www.debresser.nl/wp-content/uploads/2024/03/Erkende-verhuizer-bedrijf-De-Bresser-1.jpg,494,440,129998,3,Erkende verhuizers verhuiswagen,Erkende-verhuizer-bedrijf-De-Bresser.jpg,7c0a6ffb2283878de78c1a9655166d1e,de-kievit-nl/fotos/2024-03_Erkende-verhuizer-bedrijf-De-Bresser.jpg;debresser-nl/fotos/2024-03_Erkende-verhuizer-bedrijf-De-Bresser.jpg
2024-03_Erkende-verhuizer-bedrijf-De-Bresser.jpg,fotos,https://www.debresser.nl/wp-content/uploads/2024/03/Erkende-verhuizer-bedrijf-De-Bresser.jpg,494,440,129998,2,foto verhuiswagen,Erkende-verhuizer-bedrijf-De-Bresser.jpg,7c0a6ffb2283878de78c1a9655166d1e,de-kievit-nl/fotos/2024-03_Erkende-verhuizer-bedrijf-De-Bresser.jpg;debresser-nl/fotos/2024-03_Erkende-verhuizer-bedrijf-De-Bresser-1.jpg
2024-03_flat-appartement-verhuizingen-e1674040615430-1.jpg,fotos,https://www.debresser.nl/wp-content/uploads/2024/03/flat-appartement-verhuizingen-e1674040615430-1.jpg,540,384,42147,4,Verhuislift,flat-appartement-verhuizingen-e1674040615430.jpg,b288a4eaa71b4ee9365c364509686c00,de-kievit-nl/fotos/2024-03_flat-appartement-verhuizingen-e1674040615430-1.jpg;debresser-nl/fotos/2024-03_flat-appartement-verhuizingen-e1674040615430.jpg
2024-03_flat-appartement-verhuizingen-e1674040615430.jpg,fotos,https://www.debresser.nl/wp-content/uploads/2024/03/flat-appartement-verhuizingen-e1674040615430.jpg,540,384,42147,1,verhuislift,flat-appartement-verhuizingen-e1674040615430.jpg,b288a4eaa71b4ee9365c364509686c00,de-kievit-nl/fotos/2024-03_flat-appartement-verhuizingen-e1674040615430-1.jpg;debresser-nl/fotos/2024-03_flat-appartement-verhuizingen-e1674040615430-1.jpg
2024-03_Frankrijk-Verhuizen-Transport-bedrijf.jpg,fotos,https://www.debresser.nl/wp-content/uploads/2024/03/Frankrijk-Verhuizen-Transport-bedrijf.jpg,1468,1152,1395332,1,De Bresser verhuiswagen in Frankrijk,Frankrijk-Verhuizen-Transport-bedrijf.jpg,5dbb07fc797834e6f6ade9fa28bdc274,de-kievit-nl/fotos/2024-03_Frankrijk-Verhuizen-Transport-bedrijf.jpg
2024-03_Handyman-De-Bresser-1.jpg,fotos,https://www.debresser.nl/wp-content/uploads/2024/03/Handyman-De-Bresser-1.jpg,900,600,256574,127,Handyman werkzaamheden,Handyman – De Bresser,2348460c7383c4ffdc134c28517a49a2,de-kievit-nl/fotos/2024-03_Handyman-De-Bresser-1.jpg
2024-03_Handyman-De-Bresser.jpg,fotos,https://www.debresser.nl/wp-content/uploads/2024/03/Handyman-De-Bresser.jpg,667,1000,387304,0,Handyman werkzaamheid,Handyman De Bresser,f6ae46297adf49545a72e3535ee31b6a,de-kievit-nl/fotos/2024-03_Handyman-De-Bresser.jpg
2024-03_image-1.jpeg,fotos,https://www.debresser.nl/wp-content/uploads/2024/03/image-1.jpeg,768,512,89737,0,meubeltransport,image-1.jpeg,673bf3e2365565ad1ac694ae24cfb61e,de-kievit-nl/fotos/2024-03_image.jpeg;debresser-nl/fotos/2024-03_image.jpeg
2024-03_image-2.jpeg,fotos,https://www.debresser.nl/wp-content/uploads/2024/03/image-2.jpeg,768,432,73942,5,Foto met verhuislift,image-2.jpeg,bea12eef1fe816bdb65849bcf8154b59,
2024-03_image-3.jpeg,fotos,https://www.debresser.nl/wp-content/uploads/2024/03/image-3.jpeg,768,512,85043,4,meubeltransport,image-3.jpeg,04749d7c39b25defd42fbe8b4a3839dc,
2024-03_image.jpeg,fotos,https://www.debresser.nl/wp-content/uploads/2024/03/image.jpeg,768,512,89737,8,Meubeltransport,image.jpeg,673bf3e2365565ad1ac694ae24cfb61e,de-kievit-nl/fotos/2024-03_image.jpeg;debresser-nl/fotos/2024-03_image-1.jpeg
2024-03_Inboedel-opslag-lossen-De-Bresser.jpg,fotos,https://www.debresser.nl/wp-content/uploads/2024/03/Inboedel-opslag-lossen-De-Bresser.jpg,900,600,635453,3,Warehuis,Inboedel-opslag-lossen-De-Bresser.jpg,e0814d484ab0b5293ce3a20b97112e72,de-kievit-nl/fotos/2024-03_Inboedel-opslag-lossen-De-Bresser.jpg
2024-03_Internationaal-transport-1-e1712230278624.jpg,fotos,https://www.debresser.nl/wp-content/uploads/2024/03/Internationaal-transport-1-e1712230278624.jpg,1560,1040,210102,3,Verhuiswagen De Bresser in Parijs,Internationaal-transport.jpg,357e964ed54e5ae27bce1d8e753d2762,de-kievit-nl/fotos/2024-03_Internationaal-transport-1-e1712230278624.jpg
2024-03_Internationaal-transport-1.jpg,fotos,https://www.debresser.nl/wp-content/uploads/2024/03/Internationaal-transport-1.jpg,1600,1200,302573,0,Verhuiswagen De Bresser in Parijs,Internationaal-transport.jpg (onbewerkt origineel van 2024-03_Internationaal-transport-1-e1712230278624.jpg),fbd8f9526ee75cd7daa04b0762cf9309,de-kievit-nl/fotos/2024-03_Internationaal-transport.jpg;debresser-nl/fotos/2024-03_Internationaal-transport.jpg
2024-03_Internationaal-transport.jpg,fotos,https://www.debresser.nl/wp-content/uploads/2024/03/Internationaal-transport.jpg,1600,1200,302573,1,De Bresser in Parijs,Internationaal-transport.jpg,fbd8f9526ee75cd7daa04b0762cf9309,de-kievit-nl/fotos/2024-03_Internationaal-transport.jpg;debresser-nl/fotos/2024-03_Internationaal-transport-1.jpg
2024-03_Internationaal-verhuizen-Frankrijk-De-Bresser.jpg,fotos,https://www.debresser.nl/wp-content/uploads/2024/03/Internationaal-verhuizen-Frankrijk-De-Bresser.jpg,1920,1080,181517,4,De Bresser Frankrijk,Internationaal-verhuizen-Frankrijk-De-Bresser.jpg,c71c42f3a7eca521e28c7849fad617af,de-kievit-nl/fotos/2024-03_Internationaal-verhuizen-Frankrijk-De-Bresser.jpg
2024-03_Internationaal-verhuizen.jpg,fotos,https://www.debresser.nl/wp-content/uploads/2024/03/Internationaal-verhuizen.jpg,1238,1043,1016088,1,Top movers wagen,Internationaal-verhuizen.jpg,e1c53dcfe5e432cf46179b107fc593e2,de-kievit-nl/fotos/2024-03_Internationaal-verhuizen.jpg
2024-03_Logistiek-transport-meubels-internationaal-1.jpg,fotos,https://www.debresser.nl/wp-content/uploads/2024/03/Logistiek-transport-meubels-internationaal-1.jpg,1000,667,281002,2,meubeltransport,Logistiek-transport-meubels-internationaal.jpg,e3b0c4562d3826586eb065a9c0e77deb,de-kievit-nl/fotos/2024-03_Logistiek-transport-meubels-internationaal-1.jpg;debresser-nl/fotos/2024-03_Logistiek-transport-meubels-internationaal.jpg
2024-03_Logistiek-transport-meubels-internationaal.jpg,fotos,https://www.debresser.nl/wp-content/uploads/2024/03/Logistiek-transport-meubels-internationaal.jpg,1000,667,281002,3,Meubeltransport,Logistiek-transport-meubels-internationaal.jpg,e3b0c4562d3826586eb065a9c0e77deb,de-kievit-nl/fotos/2024-03_Logistiek-transport-meubels-internationaal-1.jpg;debresser-nl/fotos/2024-03_Logistiek-transport-meubels-internationaal-1.jpg
2024-03_Meubeltransport-Warehouse-B2B.jpg,fotos,https://www.debresser.nl/wp-content/uploads/2024/03/Meubeltransport-Warehouse-B2B.jpg,1000,667,285890,0,meubeltransport,Meubeltransport-Warehouse-B2B.jpg,68a618efff61e3ee3fa18f9ccd2bc2a1,de-kievit-nl/fotos/2024-03_Meubeltransport-Warehouse-B2B.jpg
2024-03_Montage-service-zakelijk-meubeltransport-2-naast-elkaar.jpg,fotos,https://www.debresser.nl/wp-content/uploads/2024/03/Montage-service-zakelijk-meubeltransport-2-naast-elkaar.jpg,2000,1333,1536027,3,Foto zakelijke meubeltransport,Montage-service-zakelijk-meubeltransport-2-naast-elkaar.jpg,22b038218068d4b0f4c24ccff454ca09,de-kievit-nl/fotos/2024-03_Montage-service-zakelijk-meubeltransport-2-naast-elkaar.jpg
2024-03_Nationaal-en-internationaal-transport.jpg,fotos,https://www.debresser.nl/wp-content/uploads/2024/03/Nationaal-en-internationaal-transport.jpg,1600,1200,395973,1,verhuiswagen in het buitenland,Nationaal-en-internationaal-transport.jpg,0cda316757685d4ba38674f4336b4310,de-kievit-nl/fotos/2024-03_Nationaal-en-internationaal-transport.jpg
2024-03_Particuliere-verhuizing-De-Bresser-Nieuwbouw-1.jpg,fotos,https://www.debresser.nl/wp-content/uploads/2024/03/Particuliere-verhuizing-De-Bresser-Nieuwbouw-1.jpg,960,720,87807,4,Verhuiswagen die uitgeladen wordt,Particuliere-verhuizing-De-Bresser-Nieuwbouw.jpg,2da37d55af4b2317b79edc410e4a46d7,de-kievit-nl/fotos/2024-03_Particuliere-verhuizing-De-Bresser-Nieuwbouw-1.jpg;debresser-nl/fotos/2024-03_Particuliere-verhuizing-De-Bresser-Nieuwbouw.jpg
2024-03_Particuliere-verhuizing-De-Bresser-Nieuwbouw.jpg,fotos,https://www.debresser.nl/wp-content/uploads/2024/03/Particuliere-verhuizing-De-Bresser-Nieuwbouw.jpg,960,720,87807,2,De Bresser verhuiswagen uitladen,Particuliere-verhuizing-De-Bresser-Nieuwbouw.jpg,2da37d55af4b2317b79edc410e4a46d7,de-kievit-nl/fotos/2024-03_Particuliere-verhuizing-De-Bresser-Nieuwbouw-1.jpg;debresser-nl/fotos/2024-03_Particuliere-verhuizing-De-Bresser-Nieuwbouw-1.jpg
2024-03_Samenwerking-ontzorgdverhuizen-debresser-zorgverhuizingen-e1675414079531.png,fotos,https://www.debresser.nl/wp-content/uploads/2024/03/Samenwerking-ontzorgdverhuizen-debresser-zorgverhuizingen-e1675414079531.png,986,1122,1304287,0,Samenwerkingsfoto De Bresser - Ontzorgd Verhuizen,Samenwerking-ontzorgdverhuizen-debresser-zorgverhuizingen-e1675414079531.png,d1a1c55507994115ec89f05a2bb5f6ff,de-kievit-nl/fotos/2024-03_Samenwerking-ontzorgdverhuizen-debresser-zorgverhuizingen-e1675414079531.png
2024-03_Samenwerking-ontzorgdverhuizen-debresser-zorgverhuizingen.png,fotos,https://www.debresser.nl/wp-content/uploads/2024/03/Samenwerking-ontzorgdverhuizen-debresser-zorgverhuizingen.png,986,1200,1392377,0,samenwerkingsfoto,Samenwerking-ontzorgdverhuizen-debresser-zorgverhuizingen.png,d6cbe63bd67cf626617947430266fa7e,de-kievit-nl/fotos/2024-03_Samenwerking-ontzorgdverhuizen-debresser-zorgverhuizingen.png
2024-03_Stoof-De-Bresser-Breda-Verhuizen-.jpg,fotos,https://www.debresser.nl/wp-content/uploads/2024/03/Stoof-De-Bresser-Breda-Verhuizen-.jpg,1900,1201,2321243,1,Groepsfoto Top Movers,Stoof-De-Bresser-Breda-Verhuizen-.jpg,29fa65b7042e62a6886d443a34a9cc65,de-kievit-nl/fotos/2024-03_Stoof-De-Bresser-Breda-Verhuizen-.jpg
2024-03_Top-Movers-De-Bresser-Bedrijfsverhuizing.jpg,fotos,https://www.debresser.nl/wp-content/uploads/2024/03/Top-Movers-De-Bresser-Bedrijfsverhuizing.jpg,960,720,155657,2,Top Movers met verhuislift,Top-Movers-De-Bresser-Bedrijfsverhuizing.jpg,3fee2a52c313a7707fb3bf32d774f3e2,de-kievit-nl/fotos/2024-03_Top-Movers-De-Bresser-Bedrijfsverhuizing.jpg
2024-03_Verhuisdozen-De-Bresser.jpg,fotos,https://www.debresser.nl/wp-content/uploads/2024/03/Verhuisdozen-De-Bresser.jpg,1000,667,382222,2,verhuisdozen,Verhuisdozen-De-Bresser.jpg,676ed756aef657d3b922fa670d5961d7,de-kievit-nl/fotos/2024-03_Verhuisdozen-De-Bresser.jpg
2024-03_verhuislift.jpg,fotos,https://www.debresser.nl/wp-content/uploads/2024/03/verhuislift.jpg,720,960,99819,1,Foto boven verhuislift,verhuislift.jpg,515e651591025a5e3a20489a0a21ca73,de-kievit-nl/fotos/2024-03_verhuislift.jpg
2024-03_Verhuizen-Amsterdam-De-Bresser.jpg,fotos,https://www.debresser.nl/wp-content/uploads/2024/03/Verhuizen-Amsterdam-De-Bresser.jpg,960,720,149750,5,De Bresser in Amsterdam,Verhuizen-Amsterdam-De-Bresser.jpg,82ebd9e23b667b644f0443b43b355d74,de-kievit-nl/fotos/2024-03_Verhuizen-Amsterdam-De-Bresser.jpg
2024-03_Verhuizen-Breda-Tilburg.jpg,fotos,https://www.debresser.nl/wp-content/uploads/2024/03/Verhuizen-Breda-Tilburg.jpg,1000,1125,1438079,4,Verhuiswerkzaamheid Breda - Tilburg,Verhuizen-Breda-Tilburg.jpg,6959ed3db4f83ab92a0996d2d1d2913a,de-kievit-nl/fotos/2024-03_Verhuizen-Breda-Tilburg.jpg
2024-03_verhuizen-flat-appartement-verhuislift-1.jpg,fotos,https://www.debresser.nl/wp-content/uploads/2024/03/verhuizen-flat-appartement-verhuislift-1.jpg,960,540,94794,0,De Bresser Flatverhuizing,verhuizen-flat-appartement-verhuislift.jpg,d9640a002f2f9e6ab12175ca0a7ce5a7,de-kievit-nl/fotos/2024-03_verhuizen-flat-appartement-verhuislift-1.jpg;debresser-nl/fotos/2024-03_verhuizen-flat-appartement-verhuislift.jpg
2024-03_verhuizen-flat-appartement-verhuislift.jpg,fotos,https://www.debresser.nl/wp-content/uploads/2024/03/verhuizen-flat-appartement-verhuislift.jpg,960,540,94794,4,De Bresser Flatverhuizing,verhuizen-flat-appartement-verhuislift.jpg,d9640a002f2f9e6ab12175ca0a7ce5a7,de-kievit-nl/fotos/2024-03_verhuizen-flat-appartement-verhuislift-1.jpg;debresser-nl/fotos/2024-03_verhuizen-flat-appartement-verhuislift-1.jpg
2024-03_Verhuizen-planning.jpg,fotos,https://www.debresser.nl/wp-content/uploads/2024/03/Verhuizen-planning.jpg,1500,1000,130777,1,meubeltransport,Verhuizen-planning.jpg,111ed6dbf44ff883f349194903471a86,de-kievit-nl/fotos/2024-03_Verhuizen-planning.jpg
2024-03_Warehouse-Tilburg-De-Bresser.jpg,fotos,https://www.debresser.nl/wp-content/uploads/2024/03/Warehouse-Tilburg-De-Bresser.jpg,1000,507,162592,0,Warehouse Tilburg,Warehouse-Tilburg-De-Bresser.jpg,dc306dec94e1b5fa379ca3d2d6f27556,de-kievit-nl/fotos/2024-03_Warehouse-Tilburg-De-Bresser.jpg
2024-03_Zwitersland-verhuizen.jpg,fotos,https://www.debresser.nl/wp-content/uploads/2024/03/Zwitersland-verhuizen.jpg,960,720,145196,2,De Bresser verhuiswagen in Zwitserland,Zwitersland-verhuizen.jpg,968e63f02f4a3e31b0461d599d6662fe,de-kievit-nl/fotos/2024-03_Zwitersland-verhuizen.jpg
2024-04_afvoeren-of-recycle-meubelen-de-bresser.jpg,fotos,https://www.debresser.nl/wp-content/uploads/2024/04/afvoeren-of-recycle-meubelen-de-bresser.jpg,761,555,376354,3,Zorg verhuizing meubeltransport,afvoeren of recycle meubelen – de bresser,e9b29c83acbf18376cfd748b1d7bdd5d,de-kievit-nl/fotos/2024-04_afvoeren-of-recycle-meubelen-de-bresser.jpg
2024-04_De-Bresser-De-duurzame-werkomgeving.jpg,fotos,https://www.debresser.nl/wp-content/uploads/2024/04/De-Bresser-De-duurzame-werkomgeving.jpg,1300,1102,970904,6,Foto medewerker voor busje de Bresser,De-Bresser-De-duurzame-werkomgeving.jpg,0d53372d6653c8747a793a4f2d930791,de-kievit-nl/fotos/2024-04_De-Bresser-De-duurzame-werkomgeving.jpg
2024-04_De-Bresser-Duurzame-werkomgeving-Zakelijke-verhuizing.jpg,fotos,https://www.debresser.nl/wp-content/uploads/2024/04/De-Bresser-Duurzame-werkomgeving-Zakelijke-verhuizing.jpg,1200,800,1146443,5,twee verhuiswagens De Bresser,De Bresser – Duurzame werkomgeving – Zakelijke verhuizing,815f6ec45f9f695927df4431d86f98fb,de-kievit-nl/fotos/2024-04_De-Bresser-Duurzame-werkomgeving-Zakelijke-verhuizing.jpg
2024-04_De-Bresser-Huismeester-.jpg,fotos,https://www.debresser.nl/wp-content/uploads/2024/04/De-Bresser-Huismeester-.jpg,900,600,390383,1,collega's in overleg,De Bresser – Huismeester,019768a1b955f05be57e6d3906d7edb4,de-kievit-nl/fotos/2024-04_De-Bresser-Huismeester-.jpg
2024-04_De-Bresser-Thebe-zorg-verhuizing.jpg,fotos,https://www.debresser.nl/wp-content/uploads/2024/04/De-Bresser-Thebe-zorg-verhuizing.jpg,1000,667,709971,3,Zorg verhuizing werkzaamheden,De Bresser – Thebe zorg verhuizing,bbcc15b2a30ce2e9dab6866d897f4fe8,de-kievit-nl/fotos/2024-04_De-Bresser-Thebe-zorg-verhuizing.jpg
2024-04_De-Bresser-Uw-verhuis-partner.jpg,fotos,https://www.debresser.nl/wp-content/uploads/2024/04/De-Bresser-Uw-verhuis-partner.jpg,1200,800,921222,10,groepsfoto zakelijke verhuizing,De Bresser – Uw verhuis partner,67025b73fa6c6cbaac969f8489220201,de-kievit-nl/fotos/2024-04_De-Bresser-Uw-verhuis-partner.jpg
2024-04_De-Bresser-Zorg-verhuizing-Zakelijk.jpg,fotos,https://www.debresser.nl/wp-content/uploads/2024/04/De-Bresser-Zorg-verhuizing-Zakelijk.jpg,1200,800,1001060,1,Verhuiswagen Top Movers en busje De Bresser,De Bresser – Zorg verhuizing – Zakelijk,196e8d5fd1960f25648f3d903cf97995,de-kievit-nl/fotos/2024-04_De-Bresser-Zorg-verhuizing-Zakelijk.jpg
2024-04_Duurzaam-afvalscheiden-De-Bresser.jpg,fotos,https://www.debresser.nl/wp-content/uploads/2024/04/Duurzaam-afvalscheiden-De-Bresser.jpg,1000,667,502876,0,afval containers,Duurzaam afvalscheiden – De Bresser,73a0b1585c60206675c978ad613ea189,de-kievit-nl/fotos/2024-04_Duurzaam-afvalscheiden-De-Bresser.jpg
2024-04_gebouwenbeheer-De-Bresser-Duurzame-werkomgeving-1.jpg,fotos,https://www.debresser.nl/wp-content/uploads/2024/04/gebouwenbeheer-De-Bresser-Duurzame-werkomgeving-1.jpg,900,600,301188,1,gebouwenbeheer werkzaamheid,gebouwenbeheer-De-Bresser-Duurzame-werkomgeving-1.jpg,3cf6e40a5565b7244f030c7b9d2ca4ef,de-kievit-nl/fotos/2024-04_gebouwenbeheer-De-Bresser-Duurzame-werkomgeving-1.jpg
2024-04_Gebouwenbeheer-De-Bresser.jpg,fotos,https://www.debresser.nl/wp-content/uploads/2024/04/Gebouwenbeheer-De-Bresser.jpg,1300,867,546741,1,Foto medewerker voor De Bresser busje,Gebouwenbeheer – De Bresser,ba16b39d3e1647e1ff79512501550219,de-kievit-nl/fotos/2024-04_Gebouwenbeheer-De-Bresser.jpg
2024-04_Verhuizingen-De-Bresser-Transport.jpg,fotos,https://www.debresser.nl/wp-content/uploads/2024/04/Verhuizingen-De-Bresser-Transport.jpg,1000,667,770585,3,Zorgverhuizing meubeltransport,Verhuizingen – De Bresser Transport,54abdc28c65f3cf33b011fdf717a4ca9,de-kievit-nl/fotos/2024-04_Verhuizingen-De-Bresser-Transport.jpg
2024-04_WMS-en-meubelpaspoort-De-Bresser.jpg,fotos,https://www.debresser.nl/wp-content/uploads/2024/04/WMS-en-meubelpaspoort-De-Bresser.jpg,1000,667,597360,4,medewerkers aan het werk,WMS en meubelpaspoort – De Bresser,fdd4b7693b321cbbccf385f22e263dbe,de-kievit-nl/fotos/2024-04_WMS-en-meubelpaspoort-De-Bresser.jpg
2024-04_Zakelijk-verhuizing-De-Bresser-e1712154569508.jpg,fotos,https://www.debresser.nl/wp-content/uploads/2024/04/Zakelijk-verhuizing-De-Bresser-e1712154569508.jpg,1068,800,247408,2,Zakelijke verhuizing werkzaamheden,Zakelijk verhuizing – De Bresser,eb3f8911e128de80337d9e74b829078b,de-kievit-nl/fotos/2024-04_Zakelijk-verhuizing-De-Bresser-e1712154569508.jpg
2024-04_Zakelijk-verhuizing-De-Bresser.jpg,fotos,https://www.debresser.nl/wp-content/uploads/2024/04/Zakelijk-verhuizing-De-Bresser.jpg,1200,800,866957,0,Zakelijke verhuizing werkzaamheden,Zakelijk verhuizing – De Bresser (onbewerkt origineel van 2024-04_Zakelijk-verhuizing-De-Bresser-e1712154569508.jpg),83e3667fd898e196e24cd3e246c9080e,
2024-04_zorg-verhuizing-de-bresser-.jpg,fotos,https://www.debresser.nl/wp-content/uploads/2024/04/zorg-verhuizing-de-bresser-.jpg,1000,667,578748,0,Verhuiswagen en busje De Bresser,zorg verhuizing – de bresser,67c09bb62ce1222ff4d3505cafa1e9f5,de-kievit-nl/fotos/2024-04_zorg-verhuizing-de-bresser-.jpg
2024-05_De-Bresser-Transport-foto.jpeg,fotos,https://www.debresser.nl/wp-content/uploads/2024/05/De-Bresser-Transport-foto.jpeg,982,715,853609,6,Verhuis werkzaamheden,De-Bresser-Transport-foto,e5f5362aa9bf39431fce080018ed649a,de-kievit-nl/fotos/2024-05_De-Bresser-Transport-foto.jpeg
2024-05_quick-scan-gebouwbeheer.jpg,fotos,https://www.debresser.nl/wp-content/uploads/2024/05/quick-scan-gebouwbeheer.jpg,1200,800,368407,0,Quick scan werkzaamheid,quick-scan-gebouwbeheer,0212963c1331ab024eae7c2b94fddd47,de-kievit-nl/fotos/2024-07_quick-scan-gebouwbeheer.jpg
2025-11_De-Bresser-Brocken-verhuizingen.jpg,fotos,https://www.debresser.nl/wp-content/uploads/2025/11/De-Bresser-Brocken-verhuizingen.jpg,833,483,327018,4,Verhuiswagens De bresser en Brocken verhuizingen,De Bresser – Brocken verhuizingen,99e6e3b63e41d36ecc48f6b652f1badb,
2025-11_senioren-brocken-verhuizing-1536x1152-1.jpg,fotos,https://www.debresser.nl/wp-content/uploads/2025/11/senioren-brocken-verhuizing-1536x1152-1.jpg,1536,1152,266292,1,Verhuiswagen van Brocken verhuizingen,senioren-brocken-verhuizing-1536×1152,3e691029d9c89cd7731acce0111a4059,
2026-01_Foto-voor-duurzaamheidsverslag-website.webp,fotos,https://www.debresser.nl/wp-content/uploads/2026/01/Foto-voor-duurzaamheidsverslag-website.webp,900,675,759816,1,Groepsfoto met klanten,Foto voor duurzaamheidsverslag website,cbf31e923b554b1ac2c347e4d05e3e12,
2024-03_42191532-0ad7-4e06-a297-bf29f214d68d.jpg,graphics,https://www.debresser.nl/wp-content/uploads/2024/03/42191532-0ad7-4e06-a297-bf29f214d68d.jpg,1200,700,62470,4,,42191532-0ad7-4e06-a297-bf29f214d68d.jpg,53a4fbab02063cf22489212c74b1dba8,de-kievit-nl/graphics/2024-03_42191532-0ad7-4e06-a297-bf29f214d68d.jpg
2024-03_background-topmovers-debresser.png,graphics,https://www.debresser.nl/wp-content/uploads/2024/03/background-topmovers-debresser.png,1561,1122,65347,0,bij,background-topmovers-debresser.png,711366b7426967ab7de4b672ceaa0541,de-kievit-nl/graphics/2024-03_background-topmovers-debresser.png
2024-03_De-Bresser-Top-Movers-Clini-Clowns.png,graphics,https://www.debresser.nl/wp-content/uploads/2024/03/De-Bresser-Top-Movers-Clini-Clowns.png,800,517,562126,0,Top Movers Clini-Clowns,De-Bresser-Top-Movers-Clini-Clowns.png,964b3a22736700cca0f73282db4bcb64,de-kievit-nl/graphics/2024-03_De-Bresser-Top-Movers-Clini-Clowns.png
2024-03_KaartNederland.png,graphics,https://www.debresser.nl/wp-content/uploads/2024/03/KaartNederland.png,529,561,42012,0,icoon Nederlandse kaart,KaartNederland,2cc0858699f674775de1751519aeee24,de-kievit-nl/graphics/2024-03_KaartNederland.png
2024-03_placeholder-18.png,graphics,https://www.debresser.nl/wp-content/uploads/2024/03/placeholder-18.png,1200,800,6146,0,placeholder 3,placeholder-18.png,1632e46a5c79d43f3125ca62c54189cb,debresser-nl/graphics/2024-03_placeholder-19.png;debresser-nl/graphics/2024-03_placeholder-26.png
2024-03_placeholder-19.png,graphics,https://www.debresser.nl/wp-content/uploads/2024/03/placeholder-19.png,1200,800,6146,0,placeholder 2,placeholder-19.png,1632e46a5c79d43f3125ca62c54189cb,debresser-nl/graphics/2024-03_placeholder-18.png;debresser-nl/graphics/2024-03_placeholder-26.png
2024-03_placeholder-26.png,graphics,https://www.debresser.nl/wp-content/uploads/2024/03/placeholder-26.png,1200,800,6146,0,placeholder,placeholder-26.png,1632e46a5c79d43f3125ca62c54189cb,debresser-nl/graphics/2024-03_placeholder-18.png;debresser-nl/graphics/2024-03_placeholder-19.png
2024-03_TopMovers-DeBresser-Duurzaam-verhuizen.png,graphics,https://www.debresser.nl/wp-content/uploads/2024/03/TopMovers-DeBresser-Duurzaam-verhuizen.png,1789,1861,448405,0,visuele bedrijfs activiteiten,TopMovers-DeBresser-Duurzaam-verhuizen.png,4cd603a44da830f8e906894bb8db0725,de-kievit-nl/graphics/2024-03_TopMovers-DeBresser-Duurzaam-verhuizen.png
2024-04_Locaties-De-Bresser-Nederland.png,graphics,https://www.debresser.nl/wp-content/uploads/2024/04/Locaties-De-Bresser-Nederland.png,1063,1264,73245,3,icoon van nederland,Locaties De Bresser Nederland,c2c7d6a35d3befaff6f0e65cccd4cf1e,de-kievit-nl/graphics/2024-04_Locaties-De-Bresser-Nederland.png
elementor_Elementor-post-screenshot_7266_2026-01-28-08-53-13_53daa7e.png,graphics,https://www.debresser.nl/wp-content/uploads/elementor/screenshots/Elementor-post-screenshot_7266_2026-01-28-08-53-13_53daa7e.png,1200,153,48915,0,,Elementor-post-screenshot_7266_2026-01-28-08-53-13_53daa7e.png,7931ba078fe7d4a29d8b97fb79e49593,
plugin_formidable-pro_ui-bg_diagonals-thick_18_b81900_40x40.png,graphics,https://www.debresser.nl/wp-content/plugins/formidable-pro/css/ui-lightness/images/ui-bg_diagonals-thick_18_b81900_40x40.png,40,40,132,2,,ui-bg_diagonals-thick_18_b81900_40x40.png,b3d3232477104bf9d258ca776a52a4c0,
plugin_formidable-pro_ui-bg_diagonals-thick_20_666666_40x40.png,graphics,https://www.debresser.nl/wp-content/plugins/formidable-pro/css/ui-lightness/images/ui-bg_diagonals-thick_20_666666_40x40.png,40,40,132,2,,ui-bg_diagonals-thick_20_666666_40x40.png,724c675ee26cdeab4cddc55dce6c7338,
plugin_formidable-pro_ui-bg_flat_10_000000_40x100.png,graphics,https://www.debresser.nl/wp-content/plugins/formidable-pro/css/ui-lightness/images/ui-bg_flat_10_000000_40x100.png,40,100,71,2,,ui-bg_flat_10_000000_40x100.png,f499505acd98d4b3c44e8eec6294a34d,
plugin_formidable-pro_ui-bg_glass_100_f6f6f6_1x400.png,graphics,https://www.debresser.nl/wp-content/plugins/formidable-pro/css/ui-lightness/images/ui-bg_glass_100_f6f6f6_1x400.png,1,400,85,2,,ui-bg_glass_100_f6f6f6_1x400.png,7d98b6a1e38c4c5fde67239425d05c40,
plugin_formidable-pro_ui-bg_glass_100_fdf5ce_1x400.png,graphics,https://www.debresser.nl/wp-content/plugins/formidable-pro/css/ui-lightness/images/ui-bg_glass_100_fdf5ce_1x400.png,1,400,111,2,,ui-bg_glass_100_fdf5ce_1x400.png,b874fd3a1fdb6077219dd38f51f91680,
plugin_formidable-pro_ui-bg_glass_65_ffffff_1x400.png,graphics,https://www.debresser.nl/wp-content/plugins/formidable-pro/css/ui-lightness/images/ui-bg_glass_65_ffffff_1x400.png,1,400,82,2,,ui-bg_glass_65_ffffff_1x400.png,8896424b7dd83bc528c5e2257209a851,
plugin_formidable-pro_ui-bg_gloss-wave_35_f6a828_500x100.png,graphics,https://www.debresser.nl/wp-content/plugins/formidable-pro/css/ui-lightness/images/ui-bg_gloss-wave_35_f6a828_500x100.png,500,100,1725,2,,ui-bg_gloss-wave_35_f6a828_500x100.png,bd63792bf9d933ec518c4e208730f180,
plugin_formidable-pro_ui-bg_highlight-soft_100_eeeeee_1x100.png,graphics,https://www.debresser.nl/wp-content/plugins/formidable-pro/css/ui-lightness/images/ui-bg_highlight-soft_100_eeeeee_1x100.png,1,100,79,2,,ui-bg_highlight-soft_100_eeeeee_1x100.png,802e1c6011eb854b77dc2343b569d821,
plugin_formidable-pro_ui-bg_highlight-soft_75_ffe45c_1x100.png,graphics,https://www.debresser.nl/wp-content/plugins/formidable-pro/css/ui-lightness/images/ui-bg_highlight-soft_75_ffe45c_1x100.png,1,100,120,2,,ui-bg_highlight-soft_75_ffe45c_1x100.png,315d6625bff91b334ba3e2e06a7bb741,
2024-03_1-plan-video-chat-de-bresser.png,iconen,https://www.debresser.nl/wp-content/uploads/2024/03/1-plan-video-chat-de-bresser.png,362,362,8391,9,icoon nummer 1,1-plan-video-chat-de-bresser.png,40414885da5c9f40044a29dcda9b9de0,de-kievit-nl/iconen/2024-03_1-plan-video-chat-de-bresser.png
2024-03_2-plan-video-chat-de-bresser.png,iconen,https://www.debresser.nl/wp-content/uploads/2024/03/2-plan-video-chat-de-bresser.png,362,362,9374,9,icoon nummer 2,2-plan-video-chat-de-bresser.png,b1c8b69302b041d415209ced0c0a12dd,de-kievit-nl/iconen/2024-03_2-plan-video-chat-de-bresser.png
2024-03_3-plan-video-chat-de-bresser.png,iconen,https://www.debresser.nl/wp-content/uploads/2024/03/3-plan-video-chat-de-bresser.png,362,362,9794,9,icoon nummer 3,3-plan-video-chat-de-bresser.png,a991872bb8698dcc94b53bb94fed3553,de-kievit-nl/iconen/2024-03_3-plan-video-chat-de-bresser.png
2024-03_bresser-topmovers-tweedekans.png,iconen,https://www.debresser.nl/wp-content/uploads/2024/03/bresser-topmovers-tweedekans.png,504,437,30593,1,logo 2e hands,bresser-topmovers-tweedekans.png,06538b92807d8fff767129426453415b,de-kievit-nl/iconen/2024-03_bresser-topmovers-tweedekans.png
2024-03_complete-verhuizing2.png,iconen,https://www.debresser.nl/wp-content/uploads/2024/03/complete-verhuizing2.png,341,378,12191,2,Icoontje open doos 2,complete-verhuizing2.png,0e590496c2886b47618d5a9f4a54aadd,de-kievit-nl/iconen/2024-03_complete-verhuizing2.png
2024-03_debresser-topmovers-Afvalverwerking-.png,iconen,https://www.debresser.nl/wp-content/uploads/2024/03/debresser-topmovers-Afvalverwerking-.png,500,501,6285,1,Icoontje Afvalbewerking,debresser-topmovers-Afvalverwerking-.png,2aec947c40191fa2b6cce7b6bc93389e,de-kievit-nl/iconen/2024-03_debresser-topmovers-Afvalverwerking-.png
2024-03_debresser-topmovers-co2uitstoot.png,iconen,https://www.debresser.nl/wp-content/uploads/2024/03/debresser-topmovers-co2uitstoot.png,759,612,21228,1,tekening co2 uitstoot,debresser-topmovers-co2uitstoot.png,e5734be4b430da429023cf3c516c67fb,de-kievit-nl/iconen/2024-03_debresser-topmovers-co2uitstoot.png
2024-03_debresser-topmovers-collectief.png,iconen,https://www.debresser.nl/wp-content/uploads/2024/03/debresser-topmovers-collectief.png,814,506,50662,0,Icoon van een bij,debresser-topmovers-collectief.png,0fb7d65778a9b051693c4c11fcef6a4a,de-kievit-nl/iconen/2024-03_debresser-topmovers-collectief.png
2024-03_debresser-topmovers-onlinetaxaties.png,iconen,https://www.debresser.nl/wp-content/uploads/2024/03/debresser-topmovers-onlinetaxaties.png,273,231,4683,0,Icoontje taxaties,debresser-topmovers-onlinetaxaties.png,f93c985b2a0bf44508aef0fc5f1b1548,de-kievit-nl/iconen/2024-03_debresser-topmovers-onlinetaxaties.png
2024-03_debresser-topmovers-retourname-kleding.png,iconen,https://www.debresser.nl/wp-content/uploads/2024/03/debresser-topmovers-retourname-kleding.png,611,613,9126,0,icoontje retour kleding,debresser-topmovers-retourname-kleding.png,ce2b22341c98b42176104af480da3f83,de-kievit-nl/iconen/2024-03_debresser-topmovers-retourname-kleding.png
2024-03_debresser-topmovers-slimmereroutes.png,iconen,https://www.debresser.nl/wp-content/uploads/2024/03/debresser-topmovers-slimmereroutes.png,828,447,16817,1,Icoontje slimme movers,debresser-topmovers-slimmereroutes.png,5b8c363038f76b6a0f82124099f1fef4,de-kievit-nl/iconen/2024-03_debresser-topmovers-slimmereroutes.png
2024-03_debresser-topmovers-zonnepanelen.png,iconen,https://www.debresser.nl/wp-content/uploads/2024/03/debresser-topmovers-zonnepanelen.png,473,509,4072,0,Icoontje zonnepanelen,debresser-topmovers-zonnepanelen.png,8d517a4e4583b7021f2ad61a817ea8a3,de-kievit-nl/iconen/2024-03_debresser-topmovers-zonnepanelen.png
2024-03_debressertopmovers-sociaal.png,iconen,https://www.debresser.nl/wp-content/uploads/2024/03/debressertopmovers-sociaal.png,764,724,7781,1,icoontje sociaal,debressertopmovers-sociaal.png,3e00a7c3ebff8f4b4e125beef5ec5db2,de-kievit-nl/iconen/2024-03_debressertopmovers-sociaal.png
2024-03_deel-verhuizingen.png,iconen,https://www.debresser.nl/wp-content/uploads/2024/03/deel-verhuizingen.png,278,278,10404,0,Icoontje open doos,deel-verhuizingen.png,c7a6303bba0501bf242da3d6fb83fad9,de-kievit-nl/iconen/2024-03_deel-verhuizingen.png
2024-03_enkele-dozen2.png,iconen,https://www.debresser.nl/wp-content/uploads/2024/03/enkele-dozen2.png,271,391,10364,0,Icoontje 2 dozen,enkele-dozen2.png,4b938303ff140efbfb7cc363ab40a30d,de-kievit-nl/iconen/2024-03_enkele-dozen2.png
2024-03_IcoonAssetManager.png,iconen,https://www.debresser.nl/wp-content/uploads/2024/03/IcoonAssetManager.png,32,43,1128,2,Icoontje van een bureaustoel,IcoonAssetManager,ededeffa9cbfa480bb643debd29a4992,de-kievit-nl/iconen/2024-03_IcoonAssetManager.png
2024-03_IcoonBouwBeheer.png,iconen,https://www.debresser.nl/wp-content/uploads/2024/03/IcoonBouwBeheer.png,31,33,817,2,Icoontje van een gebouw,IcoonBouwBeheer,0019e59f9897fc150ea0ff815a8c36bf,de-kievit-nl/iconen/2024-03_IcoonBouwBeheer.png
2024-03_IcoonDuurzameWerkomgeving.png,iconen,https://www.debresser.nl/wp-content/uploads/2024/03/IcoonDuurzameWerkomgeving.png,24,32,816,9,Icoontje van een groen blad,IcoonDuurzameWerkomgeving,2a6df74ed79a99b348ea8ea153cbc468,de-kievit-nl/iconen/2024-03_IcoonDuurzameWerkomgeving.png
2024-03_IcoonLocatie.png,iconen,https://www.debresser.nl/wp-content/uploads/2024/03/IcoonLocatie.png,44,44,1294,0,Locatie Icoon 2,IcoonLocatie,509c84e434cc949ccb35d37c292ad4d8,de-kievit-nl/iconen/2024-03_IcoonLocatie.png
2024-03_IcoonLocatieGroen.png,iconen,https://www.debresser.nl/wp-content/uploads/2024/03/IcoonLocatieGroen.png,25,33,816,0,Locatie Icoon,IcoonLocatieGroen,0ad23718bbe37cca55145bb746c58921,de-kievit-nl/iconen/2024-03_IcoonLocatieGroen.png
2024-03_IcoonMail.png,iconen,https://www.debresser.nl/wp-content/uploads/2024/03/IcoonMail.png,45,44,1120,0,Icoontje mail,IcoonMail,fc9a2b6679dd6372c006ad70240139e9,de-kievit-nl/iconen/2024-03_IcoonMail.png
2024-03_IcoonMeubelProjecten.png,iconen,https://www.debresser.nl/wp-content/uploads/2024/03/IcoonMeubelProjecten.png,49,31,629,2,Icoontje van een bank,IcoonMeubelProjecten,6d3b53ff99f73e71e3478bab84fe7be9,de-kievit-nl/iconen/2024-03_IcoonMeubelProjecten.png
2024-03_IcoonOpslag.png,iconen,https://www.debresser.nl/wp-content/uploads/2024/03/IcoonOpslag.png,39,35,532,2,Icoontje van opslagdozen,IcoonOpslag,a6149081fdea6bdcf9945f5430c0a524,de-kievit-nl/iconen/2024-03_IcoonOpslag.png
2024-03_IcoonOpslag2.png,iconen,https://www.debresser.nl/wp-content/uploads/2024/03/IcoonOpslag2.png,63,63,1732,0,Icoontje dozenopslag,IcoonOpslag2,6ad26a984d03605feb08554e996caeb2,de-kievit-nl/iconen/2024-03_IcoonOpslag2.png
2024-03_IcoonTelefoon.png,iconen,https://www.debresser.nl/wp-content/uploads/2024/03/IcoonTelefoon.png,44,44,1221,0,Icoontje telefoon,IcoonTelefoon,e90b0521495852c545ca51331ab714c0,de-kievit-nl/iconen/2024-03_IcoonTelefoon.png
2024-03_IcoonVerhuizen.png,iconen,https://www.debresser.nl/wp-content/uploads/2024/03/IcoonVerhuizen.png,48,39,1809,2,Icoontje waarin 2 poppetjes een doos verplaatsen,IcoonVerhuizen,c3a10fc07ac92abd10c0ac696559f59e,de-kievit-nl/iconen/2024-03_IcoonVerhuizen.png
2024-03_IcoonVerhuizen2.png,iconen,https://www.debresser.nl/wp-content/uploads/2024/03/IcoonVerhuizen2.png,70,70,2907,0,Icoontje 4 dozen,IcoonVerhuizen2,2a36c56ef499f3987498ba4d244ec874,de-kievit-nl/iconen/2024-03_IcoonVerhuizen2.png
2024-03_topmovers-bresser-duurzameverpakkingsmaterialen.png,iconen,https://www.debresser.nl/wp-content/uploads/2024/03/topmovers-bresser-duurzameverpakkingsmaterialen.png,537,666,43153,1,Icoon duurzame doos,topmovers-bresser-duurzameverpakkingsmaterialen.png,438043b6cbe0855eb791e282afcaa1ee,de-kievit-nl/iconen/2024-03_topmovers-bresser-duurzameverpakkingsmaterialen.png
plugin_formidable-pro_doc.svg,iconen,https://www.debresser.nl/wp-content/plugins/formidable-pro/images/doc.svg,56,56,407,5,,doc.svg,aea61562688bc28f17fa94c16ab97068,
plugin_formidable-pro_flags.webp,iconen,https://www.debresser.nl/wp-content/plugins/formidable-pro/images/intl-tel-input/flags.webp,3904,12,28186,127,,flags.webp,4af30d041d95c5a83b016ec6812cda19,
plugin_formidable-pro_flags@2x.webp,iconen,https://www.debresser.nl/wp-content/plugins/formidable-pro/images/intl-tel-input/flags@2x.webp,7808,24,66446,127,,flags@2x.webp,50e2868b0d555a115eb1d4b0fbe97c2f,
plugin_formidable-pro_globe.webp,iconen,https://www.debresser.nl/wp-content/plugins/formidable-pro/images/intl-tel-input/globe.webp,20,20,514,127,,globe.webp,ccf42b20c6acf6f5427a307f321dfeb5,
plugin_formidable-pro_globe@2x.webp,iconen,https://www.debresser.nl/wp-content/plugins/formidable-pro/images/intl-tel-input/globe@2x.webp,40,40,1380,127,,globe@2x.webp,e911dbb98cfc95260324d221bea9730b,
plugin_formidable-pro_pdf.svg,iconen,https://www.debresser.nl/wp-content/plugins/formidable-pro/images/pdf.svg,56,56,1413,5,,pdf.svg,17b3fd8cd8ffa6614ef9acc51c0dabc6,
plugin_formidable-pro_ui-icons_222222_256x240.png,iconen,https://www.debresser.nl/wp-content/plugins/formidable-pro/css/ui-lightness/images/ui-icons_222222_256x240.png,256,240,3710,2,,ui-icons_222222_256x240.png,667b753c731244112c8a3f1972d4e65d,
plugin_formidable-pro_ui-icons_228ef1_256x240.png,iconen,https://www.debresser.nl/wp-content/plugins/formidable-pro/css/ui-lightness/images/ui-icons_228ef1_256x240.png,256,240,3710,2,,ui-icons_228ef1_256x240.png,79e756b1ccdb67fcc1fff9cb239723e4,
plugin_formidable-pro_ui-icons_ef8c08_256x240.png,iconen,https://www.debresser.nl/wp-content/plugins/formidable-pro/css/ui-lightness/images/ui-icons_ef8c08_256x240.png,256,240,3710,2,,ui-icons_ef8c08_256x240.png,5d05fdcfb8819115db2746c6df473d47,
plugin_formidable-pro_ui-icons_ffd27a_256x240.png,iconen,https://www.debresser.nl/wp-content/plugins/formidable-pro/css/ui-lightness/images/ui-icons_ffd27a_256x240.png,256,240,3710,2,,ui-icons_ffd27a_256x240.png,7097aa6c092069171049eced5a5e3b09,
plugin_formidable-pro_ui-icons_ffffff_256x240.png,iconen,https://www.debresser.nl/wp-content/plugins/formidable-pro/css/ui-lightness/images/ui-icons_ffffff_256x240.png,256,240,3710,2,,ui-icons_ffffff_256x240.png,90fd3d2ea2ed5a8510c3bfb268ed7a40,
plugin_formidable-pro_xls.svg,iconen,https://www.debresser.nl/wp-content/plugins/formidable-pro/images/xls.svg,56,56,501,5,,xls.svg,4f83cbafefe609df9b4503ae6a50a285,
plugin_formidable_ajax_loader.gif,iconen,https://www.debresser.nl/wp-content/plugins/formidable/images/ajax_loader.gif,16,11,723,127,,ajax_loader.gif,5e5551240e349c0c6cb6720c81853ffe,
plugin_sitepress-multilingual-cms_en.svg,iconen,https://www.debresser.nl/wp-content/plugins/sitepress-multilingual-cms/res/flags/en.svg,18,12,1290,123,,en.svg,cf165af749d574a25a1a29f31b0ed692,
plugin_sitepress-multilingual-cms_nl.svg,iconen,https://www.debresser.nl/wp-content/plugins/sitepress-multilingual-cms/res/flags/nl.svg,18,12,355,123,,nl.svg,1932756ac7767c2f33986237417d8731,
2024-03_De-Bresser-Logo-2024.png,logos,https://www.debresser.nl/wp-content/uploads/2024/03/De-Bresser-Logo-2024.png,2809,2777,215814,127,Logo De Bresser,De Bresser Logo – 2024,888b308d99eac175d580e4cbda73f96c,de-kievit-nl/logos/2024-07_De-Bresser-Logo-2024.png;debresser-nl/logos/2024-03_Middel-1@4x.png
2024-03_De-Bresser-Top-movers.png,logos,https://www.debresser.nl/wp-content/uploads/2024/03/De-Bresser-Top-movers.png,1946,929,50645,127,Logo Top movers,De Bresser – Top movers,1eef878714b2ad043a2391e8dd575b42,de-kievit-nl/logos/2024-03_De-Bresser-Top-movers.png
2024-03_DeBresser-100jaar.svg,logos,https://www.debresser.nl/wp-content/uploads/2024/03/DeBresser-100jaar.svg,100,100,4276,1,Logo De Bresser 100 jaar 2,DeBresser-100jaar.svg,d8e6a8affed7ee9ed3666fab41da1b0b,de-kievit-nl/logos/2024-03_DeBresser-100jaar.svg
2024-03_Erkende-Verhuizer-Tilburg-Breda-De-Bresser-e1674057204965.jpg,logos,https://www.debresser.nl/wp-content/uploads/2024/03/Erkende-Verhuizer-Tilburg-Breda-De-Bresser-e1674057204965.jpg,675,359,34132,1,Logo erkende verhuizers,Erkende-Verhuizer-Tilburg-Breda-De-Bresser-e1674057204965.jpg,7832e1a084d151b5ef636d02b34e5231,de-kievit-nl/logos/2024-03_Erkende-Verhuizer-Tilburg-Breda-De-Bresser-e1674057204965.jpg
2024-03_logo-2.png,logos,https://www.debresser.nl/wp-content/uploads/2024/03/logo-2.png,319,297,26370,0,Logo PostNL,logo-2.png,46c8881fc514c443ff16f3a0d7dee6e8,de-kievit-nl/logos/2024-03_logo-2.png
2024-03_Middel-1@4x.png,logos,https://www.debresser.nl/wp-content/uploads/2024/03/Middel-1@4x.png,2809,2777,215814,0,Logo De Bresser,Middel-1@4x.png,888b308d99eac175d580e4cbda73f96c,de-kievit-nl/logos/2024-07_De-Bresser-Logo-2024.png;debresser-nl/logos/2024-03_De-Bresser-Logo-2024.png
2024-03_Schermafbeelding-2023-10-03-om-13.24.01.png,logos,https://www.debresser.nl/wp-content/uploads/2024/03/Schermafbeelding-2023-10-03-om-13.24.01.png,1016,942,59745,0,Logo De Bresser 100 jaar,Schermafbeelding-2023-10-03-om-13.24.01.png,d3fca427aab921ea092c9b2e5cf5e53e,de-kievit-nl/logos/2024-03_Schermafbeelding-2023-10-03-om-13.24.01.png
2024-03_stadslogistiek-debresser.jpg,logos,https://www.debresser.nl/wp-content/uploads/2024/03/stadslogistiek-debresser.jpg,469,266,21004,1,Logo stadslogistiek,stadslogistiek-debresser.jpg,65a638c4fda9d9fafcca378d57b9a476,de-kievit-nl/logos/2024-03_stadslogistiek-debresser.jpg
2024-03_topmovers-logo-duurzaam.png,logos,https://www.debresser.nl/wp-content/uploads/2024/03/topmovers-logo-duurzaam.png,824,519,33125,0,Logo Top Movers,topmovers-logo-duurzaam.png,52e0420a518d8d13c9d6ce07b199a69f,de-kievit-nl/logos/2024-03_topmovers-logo-duurzaam.png
2024-04_De-Bresser-favicon.png,logos,https://www.debresser.nl/wp-content/uploads/2024/04/De-Bresser-favicon.png,291,289,13225,127,icoon logo De Bresser,De Bresser favicon,05ea18175400d94c782df674b9db2ba5,de-kievit-nl/logos/2024-04_De-Bresser-favicon.png
2024-04_Erkende-project-verhuizers.png,logos,https://www.debresser.nl/wp-content/uploads/2024/04/Erkende-project-verhuizers.png,213,96,5323,127,Logo Erkende verhuizers,Erkende-project verhuizers,1e0771da49bb32e52c81c1354d34ad78,de-kievit-nl/logos/2024-04_Erkende-project-verhuizers.png;debresser-nl/logos/2024-04_Erkende-project-verhuizers_.png
2024-04_Erkende-project-verhuizers_.png,logos,https://www.debresser.nl/wp-content/uploads/2024/04/Erkende-project-verhuizers_.png,213,96,5323,0,Logo Erkende Verhuizers,Erkende project verhuizers_,1e0771da49bb32e52c81c1354d34ad78,de-kievit-nl/logos/2024-04_Erkende-project-verhuizers.png;debresser-nl/logos/2024-04_Erkende-project-verhuizers.png
2024-04_erkende-verhuizers-1.png,logos,https://www.debresser.nl/wp-content/uploads/2024/04/erkende-verhuizers-1.png,451,236,13926,0,Logo erkende verhuizers,erkende-verhuizers,719d77208f97894518993eaf858a1745,de-kievit-nl/logos/2024-04_erkende-verhuizers-1.png
2024-04_Erkende-verhuizers-De-Bresser@300x.png,logos,https://www.debresser.nl/wp-content/uploads/2024/04/Erkende-verhuizers-De-Bresser@300x.png,3436,854,73520,127,Logo Erkende verhuizers,Erkende verhuizers – De Bresser@300x,947a1e2010d325dc8d5d3105fdcf36fc,de-kievit-nl/logos/2024-06_Erkende-verhuizers-De-Bresser@300x.png
2024-04_erkende-verhuizers.png,logos,https://www.debresser.nl/wp-content/uploads/2024/04/erkende-verhuizers.png,513,317,13541,0,Logo erkende verhuizers blauw,erkende-verhuizers,402bf8808913fa292f3dc95b26f85cac,de-kievit-nl/logos/2024-04_erkende-verhuizers.png
2024-04_international-association-of-movers-300x170-1.png,logos,https://www.debresser.nl/wp-content/uploads/2024/04/international-association-of-movers-300x170-1.png,300,170,18272,127,Logo IAM,international-association-of-movers-300×170-1,a86e10aaa4ef4d1d99b203c7246f9753,de-kievit-nl/logos/2024-04_international-association-of-movers-300x170-1.png
2024-04_logo_fedemac-768x156-1.png,logos,https://www.debresser.nl/wp-content/uploads/2024/04/logo_fedemac-768x156-1.png,768,156,20387,127,Logo Fedemac,logo_fedemac-768×156,fec6c8c84763e742b33a3b4ff375475c,de-kievit-nl/logos/2024-04_logo_fedemac-768x156-1.png
2024-04_TOP-MOVERS-De-Bresser.png,logos,https://www.debresser.nl/wp-content/uploads/2024/04/TOP-MOVERS-De-Bresser.png,813,387,17177,127,Logo Top Movers,TOP-MOVERS-De Bresser,709edd0c1b5f54870a358a3029790498,de-kievit-nl/logos/2024-04_TOP-MOVERS-De-Bresser.png
root_favicon.ico,logos,https://www.debresser.nl/favicon.ico,64,64,34494,0,,favicon.ico,ef55f9b408d74cd8e8472a9faa318621,
2024-03_background-topmoversduurzaam.jpg,stock,https://www.debresser.nl/wp-content/uploads/2024/03/background-topmoversduurzaam.jpg,2487,1760,136064,0,Gras,background-topmoversduurzaam.jpg,f398624b28bea1e1640dc91962403a74,de-kievit-nl/stock/2024-03_background-topmoversduurzaam.jpg
2024-03_brussels-debresser.jpg,stock,https://www.debresser.nl/wp-content/uploads/2024/03/brussels-debresser.jpg,640,427,103590,1,Foto Brussel,brussels-debresser.jpg,b73874a39a53ca64daf539a9f6dc1a39,de-kievit-nl/stock/2024-03_brussels-debresser.jpg
2024-03_Checklist-internationale-verhuizing-1.jpg,stock,https://www.debresser.nl/wp-content/uploads/2024/03/Checklist-internationale-verhuizing-1.jpg,640,426,44744,0,checklist,Checklist-internationale-verhuizing.jpg,65b4d3960412ca153d7619b3a875a63e,de-kievit-nl/stock/2024-03_Checklist-internationale-verhuizing.jpg;debresser-nl/stock/2024-03_Checklist-internationale-verhuizing.jpg
2024-03_Checklist-internationale-verhuizing.jpg,stock,https://www.debresser.nl/wp-content/uploads/2024/03/Checklist-internationale-verhuizing.jpg,640,426,44744,0,checklist 2,Checklist-internationale-verhuizing.jpg,65b4d3960412ca153d7619b3a875a63e,de-kievit-nl/stock/2024-03_Checklist-internationale-verhuizing.jpg;debresser-nl/stock/2024-03_Checklist-internationale-verhuizing-1.jpg
2024-03_De-Bresser-intervieuw-klant-1.jpg,stock,https://www.debresser.nl/wp-content/uploads/2024/03/De-Bresser-intervieuw-klant-1.jpg,1280,853,233104,4,twee kinderen aan het tekenen,De-Bresser-intervieuw-klant.jpg,ff30486a8cab07bc1517c923f6fb631b,de-kievit-nl/stock/2024-03_De-Bresser-intervieuw-klant.jpg;debresser-nl/stock/2024-03_De-Bresser-intervieuw-klant.jpg
2024-03_De-Bresser-intervieuw-klant.jpg,stock,https://www.debresser.nl/wp-content/uploads/2024/03/De-Bresser-intervieuw-klant.jpg,1280,853,233104,0,twee kinderen aan het tekenen,De-Bresser-intervieuw-klant.jpg,ff30486a8cab07bc1517c923f6fb631b,de-kievit-nl/stock/2024-03_De-Bresser-intervieuw-klant.jpg;debresser-nl/stock/2024-03_De-Bresser-intervieuw-klant-1.jpg
2024-03_De-Bresser-Zorg-verhuizing-1.jpg,stock,https://www.debresser.nl/wp-content/uploads/2024/03/De-Bresser-Zorg-verhuizing-1.jpg,1500,1000,174381,2,afbeelding zorg verhuizing,De-Bresser-Zorg-verhuizing.jpg,0ec004876baf121b9703cd0b95f6c351,
2024-03_De-Bresser-Zorg-verhuizing.jpg,stock,https://www.debresser.nl/wp-content/uploads/2024/03/De-Bresser-Zorg-verhuizing.jpg,2473,1649,405389,0,afbeelding zorgverhuizing,De-Bresser-Zorg-verhuizing.jpg,92ca0e65e98e55e403349ec455962c6f,de-kievit-nl/stock/2024-03_De-Bresser-Zorg-verhuizing.jpg
2024-03_doneren-particulier-de-bresser-villa-pardoes.jpg,stock,https://www.debresser.nl/wp-content/uploads/2024/03/doneren-particulier-de-bresser-villa-pardoes.jpg,640,426,39424,1,2 duimen,doneren-particulier-de-bresser-villa-pardoes.jpg,893b22558e7eae276553fe631adc99d4,de-kievit-nl/stock/2024-03_doneren-particulier-de-bresser-villa-pardoes.jpg
2024-03_Handyman-Verhuizing-goed-geregeld.jpg,stock,https://www.debresser.nl/wp-content/uploads/2024/03/Handyman-Verhuizing-goed-geregeld.jpg,640,426,54311,1,handdruk,Handyman-Verhuizing-goed-geregeld.jpg,336f1b2dbbdc7ba2a250900ab91fa7f3,de-kievit-nl/stock/2024-03_Handyman-Verhuizing-goed-geregeld.jpg
2024-03_headerimage-3-1378x720-1-e1591792252476.jpg,stock,https://www.debresser.nl/wp-content/uploads/2024/03/headerimage-3-1378x720-1-e1591792252476.jpg,1202,720,168106,0,seniorenverhuizing,headerimage-3-1378×720-1-e1591792252476.jpg,dc990f20a4035612de3a83713534e2dc,de-kievit-nl/stock/2024-03_headerimage-3-1378x720-1-e1591792252476.jpg
2024-03_vehruizen-spullen-een-tweede-leven.jpg,stock,https://www.debresser.nl/wp-content/uploads/2024/03/vehruizen-spullen-een-tweede-leven.jpg,1280,720,173211,1,polo's,vehruizen-spullen-een-tweede-leven.jpg,ca83807e8b7f5b2d46fbcd014a254c1c,de-kievit-nl/stock/2024-03_vehruizen-spullen-een-tweede-leven.jpg
2024-03_Verhuisdatum-prikken-De-Bresser-1.jpg,stock,https://www.debresser.nl/wp-content/uploads/2024/03/Verhuisdatum-prikken-De-Bresser-1.jpg,640,426,60399,0,agenda,Verhuisdatum-prikken-De-Bresser.jpg,e2aa8e2ae6374a9bc2c0e11f0db2af7b,de-kievit-nl/stock/2024-03_Verhuisdatum-prikken-De-Bresser-1.jpg;debresser-nl/stock/2024-03_Verhuisdatum-prikken-De-Bresser.jpg
2024-03_Verhuisdatum-prikken-De-Bresser.jpg,stock,https://www.debresser.nl/wp-content/uploads/2024/03/Verhuisdatum-prikken-De-Bresser.jpg,640,426,60399,1,agenda,Verhuisdatum-prikken-De-Bresser.jpg,e2aa8e2ae6374a9bc2c0e11f0db2af7b,de-kievit-nl/stock/2024-03_Verhuisdatum-prikken-De-Bresser-1.jpg;debresser-nl/stock/2024-03_Verhuisdatum-prikken-De-Bresser-1.jpg
2024-03_Verhuizen-naar-Den-Bosch.jpg,stock,https://www.debresser.nl/wp-content/uploads/2024/03/Verhuizen-naar-Den-Bosch.jpg,853,1280,518331,1,Gebouw Den Bosch,Verhuizen-naar-Den-Bosch.jpg,fff3b1a9d396662b98534134d625196f,de-kievit-nl/stock/2024-03_Verhuizen-naar-Den-Bosch.jpg
2024-04_Contact-Business-Consultant.jpg,stock,https://www.debresser.nl/wp-content/uploads/2024/04/Contact-Business-Consultant.jpg,960,784,68707,0,foto consultant medewerker,Contact-Business-Consultant.jpg,0779a2c0dccc8e6e0097cf96c9f4d7e2,de-kievit-nl/stock/2024-04_Contact-Business-Consultant.jpg
2025-02_Verhuizen-naar-UK-Engeland--e1739440189819.jpg,stock,https://www.debresser.nl/wp-content/uploads/2025/02/Verhuizen-naar-UK-Engeland--e1739440189819.jpg,751,501,124914,3,Tolweg,Verhuizen naar UK – Engeland,d6ff9c89de01cfb9fcb6bb861f7c72ef,
2025-02_Verhuizen-naar-UK-Engeland-.jpg,stock,https://www.debresser.nl/wp-content/uploads/2025/02/Verhuizen-naar-UK-Engeland-.jpg,900,583,282893,0,Tolweg,Verhuizen naar UK – Engeland (onbewerkt origineel van 2025-02_Verhuizen-naar-UK-Engeland--e1739440189819.jpg),0fa21410a6fe6d72b05091870a78f822,de-kievit-nl/stock/2025-03_Verhuizen-naar-UK-Engeland-.jpg
2024-03_Aafke-1-circle.png,team,https://www.debresser.nl/wp-content/uploads/2024/03/Aafke-1-circle.png,500,500,335064,2,Foto Aafke,Aafke-1-circle.png,75994bdec98f8e4387b741d757789359,de-kievit-nl/team/2024-03_Aafke-1-circle.png
2024-03_Aafke-Smetsers-binnendienst-De-Bresser.jpg,team,https://www.debresser.nl/wp-content/uploads/2024/03/Aafke-Smetsers-binnendienst-De-Bresser.jpg,800,1067,613327,0,Foto Aafke 2,Aafke-Smetsers-binnendienst-De-Bresser.jpg,a634a4d218c789251ccb934965c45ccc,de-kievit-nl/team/2024-03_Aafke-Smetsers-binnendienst-De-Bresser.jpg
2024-03_Aaron-2-scaled-1.jpg,team,https://www.debresser.nl/wp-content/uploads/2024/03/Aaron-2-scaled-1.jpg,1920,2560,276504,2,Foto Aaron,Aaron-2-scaled.jpg,8a52d17f866dfe21ff5d8ddfca5f5691,de-kievit-nl/team/2024-03_Aaron-2-scaled-1.jpg
2024-03_Anne-Kienhuis-Facilitair-medewerker.jpg,team,https://www.debresser.nl/wp-content/uploads/2024/03/Anne-Kienhuis-Facilitair-medewerker.jpg,1200,800,597821,1,Foto anne,Anne-Kienhuis-Facilitair-medewerker.jpg,e33ec047abfab5b1aebbbf39b7da8108,de-kievit-nl/team/2024-03_Anne-Kienhuis-Facilitair-medewerker.jpg
2024-03_Carla-circle.png,team,https://www.debresser.nl/wp-content/uploads/2024/03/Carla-circle.png,500,500,281520,2,Foto Carla,Carla-circle.png,f87f12fa4321d0d6c13c0e70cd23c470,de-kievit-nl/team/2024-03_Carla-circle.png
2024-03_Danique-DeBresser.png,team,https://www.debresser.nl/wp-content/uploads/2024/03/Danique-DeBresser.png,906,1200,915770,2,Foto Danique,Danique-DeBresser.png,71722a6e079bcd24812519006e9effcc,de-kievit-nl/team/2024-03_Danique-DeBresser.png
2024-03_Eric-circle.png,team,https://www.debresser.nl/wp-content/uploads/2024/03/Eric-circle.png,500,500,279023,2,Foto Eric,Eric-circle.png,3b2921ea6777ddb65cd30c1410da9134,de-kievit-nl/team/2024-03_Eric-circle.png
2024-03_Femke-circle.png,team,https://www.debresser.nl/wp-content/uploads/2024/03/Femke-circle.png,500,500,339521,2,Foto Femke,Femke-circle.png,e8008e717701b7b7959ca2f8aed97515,de-kievit-nl/team/2024-03_Femke-circle.png
2024-03_Ineke-1-circle.png,team,https://www.debresser.nl/wp-content/uploads/2024/03/Ineke-1-circle.png,500,500,331974,2,Foto Ineke,Ineke-1-circle.png,bb9adbd01ca5ae885e9a2209e524f875,de-kievit-nl/team/2024-03_Ineke-1-circle.png
2024-03_Jeanine-Schoenmakers-2.png,team,https://www.debresser.nl/wp-content/uploads/2024/03/Jeanine-Schoenmakers-2.png,900,1200,516563,2,Foto Jeanine,Jeanine-Schoenmakers-2.png,0f0380ea4ccb7387435758ba6a0d04e2,de-kievit-nl/team/2024-03_Jeanine-Schoenmakers-2.png
2024-03_Niels-1-circle.png,team,https://www.debresser.nl/wp-content/uploads/2024/03/Niels-1-circle.png,500,500,351011,2,Foto Niels,Niels-1-circle.png,c51b37befa6817b1b31be194e863f91c,de-kievit-nl/team/2024-03_Niels-1-circle.png
2024-03_Patrick-van-Loon-circle.png,team,https://www.debresser.nl/wp-content/uploads/2024/03/Patrick-van-Loon-circle.png,500,500,291507,2,Foto Patrick,Patrick-van-Loon-circle.png,4a30ec0e45d7e1c1af6fdda45e0ea453,de-kievit-nl/team/2024-03_Patrick-van-Loon-circle.png
2024-03_Rick-circle.png,team,https://www.debresser.nl/wp-content/uploads/2024/03/Rick-circle.png,500,500,344573,2,Foto Rick,Rick-circle.png,acb5e486e526763941717c5d9438b7dc,de-kievit-nl/team/2024-03_Rick-circle.png
2024-03_Tatjana-De-Bresser1.jpg,team,https://www.debresser.nl/wp-content/uploads/2024/03/Tatjana-De-Bresser1.jpg,900,1200,465401,2,Foto Tatjana,Tatjana-De-Bresser1.jpg,09ec1a11933a2c8480f3d88edcb63de9,de-kievit-nl/team/2024-03_Tatjana-De-Bresser1.jpg
2024-03_Tim-verhuisdoos-headerfoto-1600x450px-1600x450-1-scaled-e1576683775347-1.jpg,team,https://www.debresser.nl/wp-content/uploads/2024/03/Tim-verhuisdoos-headerfoto-1600x450px-1600x450-1-scaled-e1576683775347-1.jpg,637,423,40861,0,Foto Tim,Tim-verhuisdoos-headerfoto-1600x450px-1600×450-1-scaled-e1576683775347.jpg,ee5f70f8077a9b44826fa48d8555e348,de-kievit-nl/team/2024-03_Tim-verhuisdoos-headerfoto-1600x450px-1600x450-1-scaled-e1576683775347-1.jpg;debresser-nl/team/2024-03_Tim-verhuisdoos-headerfoto-1600x450px-1600x450-1-scaled-e1576683775347.jpg
2024-03_Tim-verhuisdoos-headerfoto-1600x450px-1600x450-1-scaled-e1576683775347.jpg,team,https://www.debresser.nl/wp-content/uploads/2024/03/Tim-verhuisdoos-headerfoto-1600x450px-1600x450-1-scaled-e1576683775347.jpg,637,423,40861,0,Tim,Tim-verhuisdoos-headerfoto-1600x450px-1600×450-1-scaled-e1576683775347.jpg,ee5f70f8077a9b44826fa48d8555e348,de-kievit-nl/team/2024-03_Tim-verhuisdoos-headerfoto-1600x450px-1600x450-1-scaled-e1576683775347-1.jpg;debresser-nl/team/2024-03_Tim-verhuisdoos-headerfoto-1600x450px-1600x450-1-scaled-e1576683775347-1.jpg
2024-03_Tomas-1-e1659442906348-circle.png,team,https://www.debresser.nl/wp-content/uploads/2024/03/Tomas-1-e1659442906348-circle.png,410,410,215258,2,Foto Tomas,Tomas-1-e1659442906348-circle.png,652fd3c74597751eab446b3527d85f27,de-kievit-nl/team/2024-03_Tomas-1-e1659442906348-circle.png
2024-03_Yvonne.jpg,team,https://www.debresser.nl/wp-content/uploads/2024/03/Yvonne.jpg,1536,2048,681786,2,Foto Yvonne,Yvonne.jpg,ba6f12fec0ebd210d476ae9df053fb81,de-kievit-nl/team/2024-03_Yvonne.jpg
2025-02_De-Bresser-Henry.png,team,https://www.debresser.nl/wp-content/uploads/2025/02/De-Bresser-Henry.png,347,261,82940,2,Foto van Henry,De Bresser Henry,dc588ea559d3fa14e78290dfdfc5f3bb,
2025-02_image014.png,team,https://www.debresser.nl/wp-content/uploads/2025/02/image014.png,809,922,1009369,0,foto medewerker,image014,b534c031018e4da4757983a6acaf7e03,
2026-04_Barry-Brocken-De-Bresser-e1776152028623.webp,team,https://www.debresser.nl/wp-content/uploads/2026/04/Barry-Brocken-De-Bresser-e1776152028623.webp,556,677,29676,2,Barry Brocken - De Bresser,Barry Brocken – De Bresser,c5a47ccedf948c124ecd98686328eaf6,
2026-04_Barry-Brocken-De-Bresser.webp,team,https://www.debresser.nl/wp-content/uploads/2026/04/Barry-Brocken-De-Bresser.webp,556,1000,564716,0,Barry Brocken - De Bresser,Barry Brocken – De Bresser (onbewerkt origineel van 2026-04_Barry-Brocken-De-Bresser-e1776152028623.webp),164782d8e80a94beaa969c861cf1ccd2,
2026-04_Betty-Brocken-De-Bresser-Verhuizingen-e1776152346383.jpg,team,https://www.debresser.nl/wp-content/uploads/2026/04/Betty-Brocken-De-Bresser-Verhuizingen-e1776152346383.jpg,528,893,98358,2,Betty Brocken - De Bresser Verhuizingen,Betty Brocken – De Bresser Verhuizingen,badea2df3cca6eba710d3914735da45f,
2026-04_Betty-Brocken-De-Bresser-Verhuizingen.jpg,team,https://www.debresser.nl/wp-content/uploads/2026/04/Betty-Brocken-De-Bresser-Verhuizingen.jpg,528,1000,322983,0,Betty Brocken - De Bresser Verhuizingen,Betty Brocken – De Bresser Verhuizingen (onbewerkt origineel van 2026-04_Betty-Brocken-De-Bresser-Verhuizingen-e1776152346383.jpg),97135b281b5d7c69c35edd1a62d9a4eb,
2026-04_Foto-Ahmet.jpg,team,https://www.debresser.nl/wp-content/uploads/2026/04/Foto-Ahmet.jpg,1536,2048,791594,2,Foto Ahmet,Foto Ahmet,31f7f647d09afb0dc3234f76e646d8a8,
2026-04_foto-dani.jpg,team,https://www.debresser.nl/wp-content/uploads/2026/04/foto-dani.jpg,1000,1333,717281,2,foto dani,foto dani,59ccc4bcc1c2dadbc6b750f1588d9d6d,
2026-06_Sander-Uphus.jpg,team,https://www.debresser.nl/wp-content/uploads/2026/06/Sander-Uphus.jpg,735,749,188296,4,,Sander Uphus,f186a355f4bc8f76478ecc2a84ebd20e,
