element,aantal_routes_nu,routes_nu,canonieke_route,korte_vermelding_toegestaan_op,verwijderen_of_vervangen_op,reden,eigenaar,besluit
"USP-blok 'Verhuizen zonder verhuisstress' (#waarom, vier USP-kaarten)",12,/diensten/ en de elf servicroutes,/diensten/,"de elf services: maximaal een dienstspecifieke variant van een enkele USP, in eigen woorden",de elf servicroutes,Vier identieke USP-kaarten van samen circa 300 woorden op twaalf routes. Zij dragen niets bij aan de dienstintentie en drukken de purpose-specifieke inhoud naar nul.,T1 (blok uit build_paginas.BLOKKEN) plus T2 voor de vervangende servicecopy,BESLUIT: blok blijft alleen op de hub. Elke service krijgt in Fase 3 een eigen antwoordcapsule van 40 tot 60 woorden op die plek.
Teamblok 'Vakmensen met een verhuisdiploma' (#team),12,/diensten/ en de elf servicroutes,/over-ons/,/diensten/: twee zinnen met doorklik naar /over-ons/#wie-wij-zijn,de elf servicroutes,Bedrijfsinformatie op een servicroute duwt de dienstbelofte onder de vouw. De Search Quality-gate eist dat de antwoordcapsule voor de algemene bedrijfsinformatie staat.,T1 (blok) plus T3 (/over-ons/ als canonieke tekst),BESLUIT: weg van de elf services. Op de hub blijft een korte verwijzing; de volledige tekst staat op /over-ons/.
Opslagband 'Even geen plek? Wij slaan uw inboedel op' (#opslag),13,"/, /diensten/ en de elf servicroutes",/inboedelopslag/,/ en /diensten/: aankondiging van maximaal drie zinnen met doorklik,de tien servicroutes die niet over opslag gaan,"Opslag is een eigen dienst met eigen voorwaarden, termijn en dekking. Dezelfde band op dertien routes maakt van elke servicroute half een opslagpagina.",T1 (blok uit index.html) plus T2 (/inboedelopslag/),BESLUIT: canoniek op /inboedelopslag/ zodra die route vrijgegeven is. Tot die tijd blijft de band op / en de hub staan en linkt hij naar /diensten/#verhuisdiensten.
'Acht zekerheden die u er gratis bij krijgt' (#z-ok),13,"/certificeringen/, /erkende-verhuizer/ en de elf servicroutes",/erkende-verhuizer/,"/certificeringen/: verwijzing met link, niet de volledige opsomming",de elf servicroutes,"Dezelfde acht zekerheden op dertien routes. De inhoud hoort bij het keurmerk, niet bij een dienst, en op /certificeringen/ staat hij naast de eigen certificaatlijst waardoor twee routes op hetzelfde onderwerp sturen.",T3 (blok-certificeringen.html) plus T1 (kopie in de staart),"BESLUIT: volledige opsomming alleen op /erkende-verhuizer/. Services citeren hoogstens de een of twee zekerheden die voor die dienst gelden, met link."
Werkwijzeblok in de servicestaart (#werkwijze),12,/ en de elf servicroutes,/werkwijze/,/ : samenvatting van vier stappen met doorklik,de elf servicroutes,Het generieke proces staat nu op twaalf routes en op /werkwijze/ nog een keer voluit. Dat maakt /werkwijze/ inwisselbaar met elke servicroute.,T1 (blok uit index.html) plus T2 (/werkwijze/),"BESLUIT: het generieke proces staat een keer, op /werkwijze/. Een service beschrijft alleen de dienstspecifieke afwijking op het proces en linkt naar /werkwijze/#zo-werkt-het."
"Blok particulier/zakelijk plus werkgebied met vijftien plaatsen (#wonen, #werkgebied)",12,/ en de elf servicroutes,/,/diensten/: een zin over het werkgebied met doorklik naar /contact/#contact-adres,de elf servicroutes,Vijftien plaatsnamen op elf noindex-routes leveren geen lokale relevantie op en herhalen de geo-intentie die bij de homepage hoort.,T1 (blok uit index.html),BESLUIT: geo-intentie is exclusief van de homepage. Weg van de elf services; een service noemt hoogstens de regio in een zin als dat voor die dienst uitmaakt.
"Set van zeven algemene FAQ-vragen (#faq: kosten, dozen, montage, opslag, verzekering, termijn, buiten Venlo)",13,"/, /diensten/ en de elf servicroutes",/veelgestelde-vragen/,"/ en /diensten/: maximaal drie vragen die op die route echt ontstaan, plus een link naar /veelgestelde-vragen/",de elf servicroutes,"Zeven identieke vragen op dertien routes. De gate verbiedt expliciet een algemene FAQ-set als vervanging voor service-inhoud, en /veelgestelde-vragen/ raakt zo zijn eigen aanleiding kwijt.",T1 (blok uit index.html) plus T2 (blok_veelgestelde_vragen.py),BESLUIT: algemene vragen canoniek op /veelgestelde-vragen/. Elke service krijgt in Fase 3 drie tot vijf eigen vragen die nergens anders staan.
Belofte 'Die reviews staan verderop op deze pagina',12,/diensten/ en de elf servicroutes,/klantervaringen/,geen enkele route mag dit beloven zonder de reviews te tonen,/diensten/ en de elf servicroutes,Feitelijk onjuist: op geen van de twaalf routes staat een reviewsectie. Dit is een belofte die de pagina niet nakomt en valt onder de nul-tegenspraakgate van Fase 1.,T1 (blok uit build_paginas.BLOKKEN) plus T2 voor de vervangende zin,"BESLUIT: zin vervangen door een verwijzing naar /klantervaringen/#kev-reviews-kop, of een echte reviewsectie plaatsen. Vervangen heeft de voorkeur; op de hub en elf services hoort geen tweede reviewdataset."
"Reviewcijfer 9,4 uit 779 beoordelingen",34,"alle 34 routes, via de topbalk",/klantervaringen/,"topbalk en homepage, mits met dezelfde peildatum en bron als /klantervaringen/",geen route; wel uniformeren,"Het cijfer staat sitebreed in een globaal component. Zolang 779 tegenover 796 niet is opgelost, staat een onbevestigd getal op 34 routes tegelijk.",T1 (navigatie.py) plus T3 (bron en peildatum),BESLUIT: een bron van waarheid bij T3. T2 herhaalt het cijfer nergens in servicecopy maar linkt naar /klantervaringen/.
Claim 'uitsluitend met gediplomeerde inboedelverhuizers',13,"/diensten/, de elf servicroutes en /vacatures/",/over-ons/,"hub en services: alleen als T3 de claim bevestigt, anders versmald tot de bewezen norm",elke route zolang het bewijs ontbreekt,"Absolute diplomaclaim op dertien routes. Fase 1 eist nul onbewezen absolute diplomaclaims; /vacatures/ noemt tegelijk een leerroute, wat op gespannen voet staat met 'uitsluitend'.",T3 (bewijs) plus T1 en T2 (tekst),BESLUIT: OWNER INPUT NEEDED bij T3. Tot de bevestiging schrijft T2 deze claim niet in nieuwe servicecopy.
Claim 'verzekerd tot ten minste 100.000 euro op nieuwwaarde',18,18 routes,/verzekering/,"een zin met bedrag en link, mits het bedrag op /verzekering/ is bevestigd",geen route; wel terugbrengen tot een geciteerde zin met link,"Een bedrag dat op achttien routes los meeloopt, verandert bij een poliswijziging op achttien plaatsen. Fase 1 blokkeert dekkingsclaims tot polis, limieten en uitsluitingen schriftelijk zijn bevestigd.",T3 (/verzekering/) plus T1 en T2 (citaten),BESLUIT: bedragen staan uitsluitend op /verzekering/. Elke andere route citeert met link en herhaalt geen tweede bedrag.
"Offertepill (#prijs), kerncijferbalk en leadblock (#offerte)",28,28 routes,"/contact/ voor de contacttaak, / voor de commerciele taak",elke commerciele en adviesroute,/vacatures/ en /klachtenregeling/,De gedeelde leadmodule is niet automatisch de juiste CTA. Op /vacatures/ zoekt de bezoeker werk en op /klachtenregeling/ meldt hij schade; een verhuisoffertefunnel is daar een intentiefout.,T1 (module) plus T2 (/vacatures/) en T3 (/klachtenregeling/),BESLUIT: module verwijderen op /vacatures/ en /klachtenregeling/ en vervangen door de juiste actie. Op /spoedverhuizing/ wordt bellen de primaire actie en het formulier de tweede.
Verhuislift-zin 'dan kijken wij of een verhuislift uitkomst biedt',2,/ en /diensten/,/particulier-verhuizen/ en /piano-verhuizen/,/ en /diensten/: een zin,geen route,"Nog geen kannibalisatie, wel een claimrisico: er is geen eigen lift geclaimd en het lifttype is onbekend. Bij het uitschrijven van de services mag hier geen eigen materieel van gemaakt worden.",T2,"BESLUIT: formulering 'wij kijken of een verhuislift uitkomst biedt' aanhouden. Geen eigen lift, geen type, geen hoogte of gewicht noemen zonder bewijs."
Grensstreekregel Duitsland en Garantiecertificaat,2,/diensten/ en /veelgestelde-vragen/,/internationale-verhuizing/,/diensten/: een zin met doorklik; /veelgestelde-vragen/#vgv-zakelijk: kort antwoord met doorklik,geen route,"Twee routes dragen nu de landenuitleg terwijl de canonieke route noindex staat. Bij vrijgave moet het zwaartepunt verschuiven, anders concurreert de hubtekst met de servicroute.",T2,BESLUIT: bij vrijgave van /internationale-verhuizing/ worden hub en FAQ teruggebracht tot een zin met doorklik.
Prijsvraag 'Wat kost een verhuizing?' en prijsfactoren,14,"/, /diensten/, de elf servicroutes en /veelgestelde-vragen/",/veelgestelde-vragen/#vgv-offerte,/ en /diensten/: een zin waarom er geen prijzen op de site staan,de elf servicroutes,De prijsvraag is de sterkste commerciele zoekvraag en staat nu veertien keer identiek. Zonder een canonieke plek concurreren alle veertien met elkaar.,T1 en T2,"BESLUIT: het generieke prijsantwoord staat op /veelgestelde-vragen/. Elke service beschrijft alleen de prijsfactoren die voor die dienst gelden, zonder bedragen."
Dozen en inpakadvies,6,"/, /inpaktips/, /dozencalculator/, /verhuischecklist/, /veelgestelde-vragen/ en /inpakservice/",/inpaktips/,/dozencalculator/: wat het model niet ziet; /verhuischecklist/: wanneer beginnen,geen route; wel afbakenen,Vier routes geven nu inpakadvies. Zonder afbakening rankt geen van vier op de inpakvraag.,T2,"BESLUIT: inpaktechniek canoniek op /inpaktips/, aantallen op /dozencalculator/, timing op /verhuischecklist/, uitbesteden op /inpakservice/. Elke route noemt de andere drie in een zin."
Volume in kubieke meter,4,"/m3-calculator/, /dozencalculator/, /veelgestelde-vragen/ en /inboedelopslag/",/m3-calculator/,/dozencalculator/: het verschil tussen stuks en volume in twee zinnen,geen route,De twee calculators liggen dicht bij elkaar. Zonder een expliciete uitleg van het verschil op beide routes trekken zij dezelfde zoekvraag.,T2,"BESLUIT: /m3-calculator/ rekent volume, /dozencalculator/ rekent stuks. Beide leggen het verschil expliciet uit en linken naar elkaar."
Betaalmoment 'u betaalt bij aflevering',3,"/veelgestelde-vragen/, /werkwijze/ en de homepage-copy",/veelgestelde-vragen/#vgv-verhuisdag,/werkwijze/: een zin met doorklik,geen route zolang de uitzonderingsformulering van T3 ontbreekt,De huidige formulering laat de uitzondering onbenoemd. Fase 1 schrijft een goedgekeurde uitzonderingsformulering voor.,T3 (formulering) plus T1 en T2 (toepassing),BESLUIT: wachten op de T3-formulering. T2 wijzigt deze zin niet zelf.
