bronroute,bron_contentblok,doelroute,gevalideerd_fragment,anker_primair,anker_alternatief,reden_volgende_gebruikersvraag,bestandseigenaar,indexvoorwaarde,activatiestatus,qa_status
/,#diensten,/diensten/,(paginabreed),alle verhuisdiensten op een rij,bekijk wat wij verhuizen,Welke van deze diensten heb ik nodig?,T1 (_werk/build_kievit.py),doelroute is indexeerbaar,TE PLAATSEN,"GEVALIDEERD: doel is de hele pagina, geen fragment om te toetsen; doelroute bestaat, 30-08-2026"
/,#historie,/over-ons/,#tijdlijn,vijf generaties verhuizen vanuit Venlo,de geschiedenis van De Kievit,Sinds wanneer bestaat dit bedrijf en wie is het nu?,T1 (_werk/build_kievit.py),doelroute is indexeerbaar,TE PLAATSEN,"GEVALIDEERD: doelfragment #tijdlijn aanwezig in gebouwde HTML, 30-08-2026"
/,#opslag,/diensten/,#d-inboedelopslag,wat wij aan opslag doen,opslag in het dienstenoverzicht,Hoe lang kan mijn inboedel blijven staan en wat kost dat?,T1 (_werk/build_kievit.py),WIP: hubanker zolang de servicroute noindex is,"TE PLAATSEN, WIP-anker naar de dienstkaart op /diensten/","GEVALIDEERD: doelfragment #d-inboedelopslag aanwezig in gebouwde HTML, 30-08-2026"
/,#opslag,/inboedelopslag/,(paginabreed),inboedelopslag in houten kisten of een eigen container,onze inboedelopslag,Hoe lang kan mijn inboedel blijven staan en wat kost dat?,T1 (_werk/build_kievit.py),pas activeren in het atomaire release-item van de servicroute,NA RELEASE,"GEVALIDEERD: doel is de hele pagina, geen fragment om te toetsen; doelroute bestaat, 30-08-2026"
/,#dozen,/dozencalculator/,#calc,reken uit hoeveel dozen u nodig heeft,de dozencalculator,Hoeveel dozen moet ik laten komen?,T1 (_werk/build_kievit.py),doelroute is indexeerbaar,TE PLAATSEN,"GEVALIDEERD: doelfragment #calc aanwezig in gebouwde HTML, 30-08-2026"
/,#werkwijze,/werkwijze/,#zo-werkt-het,zo verloopt een verhuisdag bij ons,van aanvraag tot oplevering,Wat gebeurt er precies op de dag zelf?,T1 (_werk/build_kievit.py),doelroute is indexeerbaar,TE PLAATSEN,"GEVALIDEERD: doelfragment #zo-werkt-het aanwezig in gebouwde HTML, 30-08-2026"
/,#reviews,/klantervaringen/,#kev-reviews-kop,alle beoordelingen onverkort,lees wat klanten schreven,Zijn die reviews echt en waar komen ze vandaan?,T1 (_werk/build_kievit.py),doelroute is indexeerbaar,TE PLAATSEN,"GEVALIDEERD: doelfragment #kev-reviews-kop aanwezig in gebouwde HTML, 30-08-2026"
/,#ringen,/certificeringen/,#top-movers,wat het Top Movers-lidmaatschap inhoudt,onze keurmerken en certificaten,Wat betekent dat netwerk voor mijn verhuizing?,T1 (_werk/build_kievit.py),doelroute is indexeerbaar,TE PLAATSEN,"GEVALIDEERD: doelfragment #top-movers aanwezig in gebouwde HTML, 30-08-2026"
/,#werkgebied,/contact/,#contact-adres,ons adres en onze openingstijden,waar u ons vindt,Zitten zij bij mij in de buurt en wanneer kan ik bellen?,T1 (_werk/build_kievit.py),doelroute is indexeerbaar,TE PLAATSEN,"GEVALIDEERD: doelfragment #contact-adres aanwezig in gebouwde HTML, 30-08-2026"
/,#faq,/veelgestelde-vragen/,(paginabreed),alle veelgestelde vragen,meer vragen en antwoorden,Mijn vraag staat er niet bij,T1 (_werk/build_kievit.py),doelroute is indexeerbaar,TE PLAATSEN,"GEVALIDEERD: doel is de hele pagina, geen fragment om te toetsen; doelroute bestaat, 30-08-2026"
/diensten/,#verhuizen,/werkwijze/,#opname,het begint met een opname aan huis,hoe wij uw verhuizing voorbereiden,Hoe komen jullie aan een prijs?,T2 (_werk/paginas/diensten.html),doelroute is indexeerbaar,TE PLAATSEN,"GEVALIDEERD: doelfragment #opname aanwezig in gebouwde HTML, 30-08-2026"
/diensten/,#verhuizen,/verhuischecklist/,#checklist,wat u zelf op tijd moet regelen,onze verhuischecklist,Wat moet ik zelf nog doen?,T2 (_werk/paginas/diensten.html),doelroute is indexeerbaar,TE PLAATSEN,"GEVALIDEERD: doelfragment #checklist aanwezig in gebouwde HTML, 30-08-2026"
/diensten/,#verhuisdiensten,/inpaktips/,#inpak-start,zelf inpakken zonder schade,onze inpaktips,Kan ik dit ook zelf doen?,T2 (_werk/paginas/diensten.html),doelroute is indexeerbaar,TE PLAATSEN,"GEVALIDEERD: doelfragment #inpak-start aanwezig in gebouwde HTML, 30-08-2026"
/diensten/,#verhuisdiensten,/dozencalculator/,#calc,hoeveel dozen u nodig heeft,reken uw dozen uit,Hoeveel dozen heb ik nodig als ik het zelf doe?,T2 (_werk/paginas/diensten.html),doelroute is indexeerbaar,TE PLAATSEN,"GEVALIDEERD: doelfragment #calc aanwezig in gebouwde HTML, 30-08-2026"
/diensten/,#specialistisch,/verzekering/,#bedragen,tot welk bedrag uw inboedel gedekt is,wat er verzekerd is,En als er iets kapotgaat aan een kostbaar stuk?,T2 (_werk/paginas/diensten.html),doelroute is indexeerbaar,TE PLAATSEN,"GEVALIDEERD: doelfragment #bedragen aanwezig in gebouwde HTML, 30-08-2026"
/diensten/,#faq,/veelgestelde-vragen/,(paginabreed),alle veelgestelde vragen,meer vragen en antwoorden,Mijn vraag staat er niet bij,T1 (_werk/build_kievit.py),"doelroute is indexeerbaar; GEDEELD BLOK, verschijnt op 12 routes tegelijk",TE PLAATSEN,"GEVALIDEERD: doel is de hele pagina, geen fragment om te toetsen; doelroute bestaat, 30-08-2026"
/diensten/,#verhuizen,/particulier-verhuizen/,(paginabreed),particuliere verhuizing,een woning laten verhuizen,Wat houdt een particuliere verhuizing precies in?,T2 (_werk/paginas/diensten.html),ACTIEF maar wijst nu naar een noindex-route,TE HERRICHTEN,"GEVALIDEERD: doel is de hele pagina, geen fragment om te toetsen; doelroute bestaat, 30-08-2026"
/diensten/,#verhuizen,/internationale-verhuizing/,(paginabreed),internationale verhuizing,verhuizen over de grens,Verhuizen jullie ook naar het buitenland?,T2 (_werk/paginas/diensten.html),ACTIEF maar wijst nu naar een noindex-route,TE HERRICHTEN,"GEVALIDEERD: doel is de hele pagina, geen fragment om te toetsen; doelroute bestaat, 30-08-2026"
/diensten/,#verhuizen,/seniorenverhuizing/,(paginabreed),seniorenverhuizing,kleiner gaan wonen,Kan het rustig en in mijn eigen tempo?,T2 (_werk/paginas/diensten.html),ACTIEF maar wijst nu naar een noindex-route,TE HERRICHTEN,"GEVALIDEERD: doel is de hele pagina, geen fragment om te toetsen; doelroute bestaat, 30-08-2026"
/diensten/,#verhuizen,/spoedverhuizing/,(paginabreed),spoedverhuizing,verhuizen op korte termijn,Kan het volgende week nog?,T2 (_werk/paginas/diensten.html),ACTIEF maar wijst nu naar een noindex-route,TE HERRICHTEN,"GEVALIDEERD: doel is de hele pagina, geen fragment om te toetsen; doelroute bestaat, 30-08-2026"
/diensten/,#verhuisdiensten,/inpakservice/,(paginabreed),inpakservice,het inpakken uitbesteden,Kan iemand anders het inpakken doen?,T2 (_werk/paginas/diensten.html),ACTIEF maar wijst nu naar een noindex-route,TE HERRICHTEN,"GEVALIDEERD: doel is de hele pagina, geen fragment om te toetsen; doelroute bestaat, 30-08-2026"
/diensten/,#verhuisdiensten,/montage-demontage/,(paginabreed),montage en demontage,meubels uit elkaar en weer in elkaar,Halen jullie mijn kasten uit elkaar?,T2 (_werk/paginas/diensten.html),ACTIEF maar wijst nu naar een noindex-route,TE HERRICHTEN,"GEVALIDEERD: doel is de hele pagina, geen fragment om te toetsen; doelroute bestaat, 30-08-2026"
/diensten/,#verhuisdiensten,/inboedelopslag/,(paginabreed),inboedelopslag,tijdelijke opslag van uw inboedel,Waar staan mijn spullen tussendoor?,T2 (_werk/paginas/diensten.html),ACTIEF maar wijst nu naar een noindex-route,TE HERRICHTEN,"GEVALIDEERD: doel is de hele pagina, geen fragment om te toetsen; doelroute bestaat, 30-08-2026"
/diensten/,#specialistisch,/zorgverhuizing/,(paginabreed),zorgverhuizing,verhuizen in een zorgomgeving,Kunnen jullie met bewoners en zorgpersoneel werken?,T2 (_werk/paginas/diensten.html),ACTIEF maar wijst nu naar een noindex-route,TE HERRICHTEN,"GEVALIDEERD: doel is de hele pagina, geen fragment om te toetsen; doelroute bestaat, 30-08-2026"
/diensten/,#specialistisch,/piano-verhuizen/,(paginabreed),piano verhuizen,een piano of vleugel verplaatsen,Hoe krijgen jullie mijn vleugel de trap af?,T2 (_werk/paginas/diensten.html),ACTIEF maar wijst nu naar een noindex-route,TE HERRICHTEN,"GEVALIDEERD: doel is de hele pagina, geen fragment om te toetsen; doelroute bestaat, 30-08-2026"
/diensten/,#specialistisch,/antiek-en-kunst-verhuizen/,(paginabreed),antiek en kunst,waardevolle stukken verhuizen,Wat doen jullie extra bij kwetsbare stukken?,T2 (_werk/paginas/diensten.html),ACTIEF maar wijst nu naar een noindex-route,TE HERRICHTEN,"GEVALIDEERD: doel is de hele pagina, geen fragment om te toetsen; doelroute bestaat, 30-08-2026"
/diensten/,#specialistisch,/kantoorverhuizing/,(paginabreed),kantoorverhuizing,een bedrijf of praktijk verhuizen,Hoe lang ligt mijn bedrijf stil?,T2 (_werk/paginas/diensten.html),ACTIEF maar wijst nu naar een noindex-route,TE HERRICHTEN,"GEVALIDEERD: doel is de hele pagina, geen fragment om te toetsen; doelroute bestaat, 30-08-2026"
/werkwijze/,#opname,/m3-calculator/,#m3-intro-kop,zelf alvast uw volume schatten,de m3-calculator,Kan ik vooraf al inschatten hoe groot mijn inboedel is?,T2 (_werk/paginas/werkwijze.html),doelroute is indexeerbaar,TE PLAATSEN,"GEVALIDEERD: doelfragment #m3-intro-kop aanwezig in gebouwde HTML, 30-08-2026"
/werkwijze/,#zo-werkt-het,/verhuischecklist/,#checklist,wat er van uw kant bij komt kijken,de verhuischecklist,En wat moet ik zelf regelen?,T2 (_werk/paginas/werkwijze.html),doelroute is indexeerbaar,TE PLAATSEN,"GEVALIDEERD: doelfragment #checklist aanwezig in gebouwde HTML, 30-08-2026"
/werkwijze/,#verhuisdag,/verzekering/,#basis,waarvoor u onderweg verzekerd bent,wat er gedekt is,Wat als er onderweg iets gebeurt?,T2 (_werk/paginas/werkwijze.html),doelroute is indexeerbaar,TE PLAATSEN,"GEVALIDEERD: doelfragment #basis aanwezig in gebouwde HTML, 30-08-2026"
/werkwijze/,#aanspreekpunt,/klantervaringen/,#kev-vaak-kop,wat klanten hierover schrijven,ervaringen van klanten,Klopt dit ook in de praktijk?,T2 (_werk/paginas/werkwijze.html),doelroute is indexeerbaar,TE PLAATSEN,"GEVALIDEERD: doelfragment #kev-vaak-kop aanwezig in gebouwde HTML, 30-08-2026"
/werkwijze/,#werkwijze-vragen,/verzekering/,#basis,verzekering en garantie,waarvoor u gedekt bent,Is mijn inboedel onderweg verzekerd?,T2 (_werk/paginas/werkwijze.html),doelroute is indexeerbaar,"ACTIEF, fragment toevoegen","GEVALIDEERD: doelfragment #basis aanwezig in gebouwde HTML, 30-08-2026"
/werkwijze/,#werkwijze-offerte,/contact/,#contact-intro,even iemand spreken,bel of mail ons,Ik wil dit liever telefonisch bespreken,T2 (_werk/paginas/werkwijze.html),doelroute is indexeerbaar,TE PLAATSEN,"GEVALIDEERD: doelfragment #contact-intro aanwezig in gebouwde HTML, 30-08-2026"
/verhuischecklist/,#checklist,/dozencalculator/,#calc,dozencalculator,reken uw dozen uit,Hoeveel dozen bestel ik?,T2 (_werk/paginas/verhuischecklist.html),doelroute is indexeerbaar,"ACTIEF, fragment toevoegen","GEVALIDEERD: doelfragment #calc aanwezig in gebouwde HTML, 30-08-2026"
/verhuischecklist/,#overnemen,/werkwijze/,#zo-werkt-het,wat wij van u overnemen,onze werkwijze,Welke punten hoef ik niet zelf te doen?,T2 (_werk/paginas/verhuischecklist.html),doelroute is indexeerbaar,TE PLAATSEN,"GEVALIDEERD: doelfragment #zo-werkt-het aanwezig in gebouwde HTML, 30-08-2026"
/verhuischecklist/,#overnemen,/inpaktips/,#inpak-start,zelf inpakken zonder schade,onze inpaktips,Hoe pak ik dat dan zelf goed in?,T2 (_werk/paginas/verhuischecklist.html),doelroute is indexeerbaar,TE PLAATSEN,"GEVALIDEERD: doelfragment #inpak-start aanwezig in gebouwde HTML, 30-08-2026"
/verhuischecklist/,#valkuilen,/m3-calculator/,#m3-fout-kop,wat mensen bij het volume vergeten,de m3-calculator,Wat vergeet ik nog meer?,T2 (_werk/paginas/verhuischecklist.html),doelroute is indexeerbaar,TE PLAATSEN,"GEVALIDEERD: doelfragment #m3-fout-kop aanwezig in gebouwde HTML, 30-08-2026"
/verhuischecklist/,#checklist-offerte,/contact/,#contact-intro,zet de verhuizer bovenaan uw lijst,neem contact op,Wanneer moet ik de verhuizer bellen?,T2 (_werk/paginas/verhuischecklist.html),doelroute is indexeerbaar,TE PLAATSEN,"GEVALIDEERD: doelfragment #contact-intro aanwezig in gebouwde HTML, 30-08-2026"
/inpaktips/,#inpak-dozen,/dozencalculator/,#calc,hoeveel dozen u nodig heeft,de dozencalculator,Hoeveel van elke maat moet ik hebben?,T2 (_werk/paginas/inpaktips.html),doelroute is indexeerbaar,TE PLAATSEN,"GEVALIDEERD: doelfragment #calc aanwezig in gebouwde HTML, 30-08-2026"
/inpaktips/,#inpak-breekbaar,/verzekering/,#uitsluiting,wat er geldt bij zelf ingepakte dozen,waar de dekking stopt,Ben ik verzekerd als ik het zelf inpak?,T2 (_werk/paginas/inpaktips.html),doelroute is indexeerbaar,TE PLAATSEN,"GEVALIDEERD: doelfragment #uitsluiting aanwezig in gebouwde HTML, 30-08-2026"
/inpaktips/,#inpak-fouten,/verhuischecklist/,#valkuilen,de punten die het vaakst blijven liggen,de verhuischecklist,Wat vergeet ik nog meer?,T2 (_werk/paginas/inpaktips.html),doelroute is indexeerbaar,TE PLAATSEN,"GEVALIDEERD: doelfragment #valkuilen aanwezig in gebouwde HTML, 30-08-2026"
/inpaktips/,#inpak-service,/diensten/,#d-inpakservice,het inpakken uit handen geven,onze verhuisdiensten,Kan ik dit ook laten doen?,T2 (_werk/paginas/inpaktips.html),WIP: hubanker zolang de servicroute noindex is,"TE PLAATSEN, WIP-anker naar de dienstkaart op /diensten/","GEVALIDEERD: doelfragment #d-inpakservice aanwezig in gebouwde HTML, 30-08-2026"
/inpaktips/,#inpak-service,/inpakservice/,(paginabreed),onze inpakservice,het inpakken uitbesteden,Kan ik dit ook laten doen?,T2 (_werk/paginas/inpaktips.html),pas activeren in het atomaire release-item van de servicroute,NA RELEASE,"GEVALIDEERD: doel is de hele pagina, geen fragment om te toetsen; doelroute bestaat, 30-08-2026"
/inpaktips/,#inpak-faq,/veelgestelde-vragen/,#vgv-vooraf,meer vragen over de weken ervoor,alle veelgestelde vragen,Wanneer komen die dozen eigenlijk?,T2 (_werk/paginas/inpaktips.html),doelroute is indexeerbaar,TE PLAATSEN,"GEVALIDEERD: doelfragment #vgv-vooraf aanwezig in gebouwde HTML, 30-08-2026"
/dozencalculator/,#rekenen,/m3-calculator/,#m3-intro-kop,het volume van uw inboedel,de m3-calculator,En hoeveel kubieke meter is dat dan?,T2 (_werk/paginas/dozencalculator.html),doelroute is indexeerbaar,"ACTIEF, fragment toevoegen","GEVALIDEERD: doelfragment #m3-intro-kop aanwezig in gebouwde HTML, 30-08-2026"
/dozencalculator/,#aannames,/verhuischecklist/,#checklist,wanneer u begint met inpakken,de verhuischecklist,Wanneer moet ik hiermee beginnen?,T2 (_werk/paginas/dozencalculator.html),doelroute is indexeerbaar,TE PLAATSEN,"GEVALIDEERD: doelfragment #checklist aanwezig in gebouwde HTML, 30-08-2026"
/dozencalculator/,#missers,/inpaktips/,#inpak-dozen,hoe u een doos goed vult,onze inpaktips,Hoe voorkom ik dat ik verkeerd inpak?,T2 (_werk/paginas/dozencalculator.html),doelroute is indexeerbaar,TE PLAATSEN,"GEVALIDEERD: doelfragment #inpak-dozen aanwezig in gebouwde HTML, 30-08-2026"
/dozencalculator/,#dozen-service,/diensten/,#d-inpakservice,het inpakken uit handen geven,onze verhuisdiensten,Kan ik het inpakken uitbesteden?,T2 (_werk/paginas/dozencalculator.html),WIP: hubanker zolang de servicroute noindex is,"TE PLAATSEN, WIP-anker naar de dienstkaart op /diensten/","GEVALIDEERD: doelfragment #d-inpakservice aanwezig in gebouwde HTML, 30-08-2026"
/dozencalculator/,#dozen-service,/inpakservice/,(paginabreed),onze inpakservice,het inpakken uitbesteden,Kan ik het inpakken uitbesteden?,T2 (_werk/paginas/dozencalculator.html),pas activeren in het atomaire release-item van de servicroute,NA RELEASE,"GEVALIDEERD: doel is de hele pagina, geen fragment om te toetsen; doelroute bestaat, 30-08-2026"
/dozencalculator/,#offerte-cta,/werkwijze/,#opname,wat er bij de opname gebeurt,onze werkwijze,Hoe gaat het verder na mijn aanvraag?,T2 (_werk/paginas/dozencalculator.html),doelroute is indexeerbaar,TE PLAATSEN,"GEVALIDEERD: doelfragment #opname aanwezig in gebouwde HTML, 30-08-2026"
/m3-calculator/,#m3-opname-kop,/werkwijze/,#opname,waar de verhuisadviseur naar kijkt,onze werkwijze,Wat voegt een opname aan huis nog toe?,T2 (_werk/paginas/m3-calculator.html),doelroute is indexeerbaar,TE PLAATSEN,"GEVALIDEERD: doelfragment #opname aanwezig in gebouwde HTML, 30-08-2026"
/m3-calculator/,#m3-fout-kop,/dozencalculator/,#calc,reken uw dozen apart uit,de dozencalculator,Zitten de dozen hier al in?,T2 (_werk/paginas/m3-calculator.html),doelroute is indexeerbaar,"ACTIEF, fragment toevoegen","GEVALIDEERD: doelfragment #calc aanwezig in gebouwde HTML, 30-08-2026"
/m3-calculator/,#m3-faq-kop,/diensten/,#d-inboedelopslag,wat er niet meegaat en wel de opslag in kan,onze verhuisdiensten,Wat doe ik met wat niet mee kan?,T2 (_werk/paginas/m3-calculator.html),WIP: hubanker zolang de servicroute noindex is,"TE PLAATSEN, WIP-anker naar de dienstkaart op /diensten/","GEVALIDEERD: doelfragment #d-inboedelopslag aanwezig in gebouwde HTML, 30-08-2026"
/m3-calculator/,#m3-faq-kop,/inboedelopslag/,(paginabreed),onze inboedelopslag,tijdelijk opslaan,Wat doe ik met wat niet mee kan?,T2 (_werk/paginas/m3-calculator.html),pas activeren in het atomaire release-item van de servicroute,NA RELEASE,"GEVALIDEERD: doel is de hele pagina, geen fragment om te toetsen; doelroute bestaat, 30-08-2026"
/m3-calculator/,#m3-slot-kop,/contact/,#contact-intro,uw schatting even doorspreken,neem contact op,Klopt mijn schatting wel?,T2 (_werk/paginas/m3-calculator.html),doelroute is indexeerbaar,TE PLAATSEN,"GEVALIDEERD: doelfragment #contact-intro aanwezig in gebouwde HTML, 30-08-2026"
/veelgestelde-vragen/,#vgv-offerte,/m3-calculator/,#m3-intro-kop,m3-calculator,schat uw volume,Hoe kom ik aan het volume dat zij vragen?,T2 (_werk/blok_veelgestelde_vragen.py),doelroute is indexeerbaar,"ACTIEF, fragment toevoegen","GEVALIDEERD: doelfragment #m3-intro-kop aanwezig in gebouwde HTML, 30-08-2026"
/veelgestelde-vragen/,#vgv-offerte,/werkwijze/,#opname,wat er bij de opname gebeurt,onze werkwijze,Wat gebeurt er als de adviseur langskomt?,T2 (_werk/blok_veelgestelde_vragen.py),doelroute is indexeerbaar,TE PLAATSEN,"GEVALIDEERD: doelfragment #opname aanwezig in gebouwde HTML, 30-08-2026"
/veelgestelde-vragen/,#vgv-vooraf,/dozencalculator/,#calc,dozencalculator,reken uw dozen uit,Hoeveel dozen heb ik nodig?,T2 (_werk/blok_veelgestelde_vragen.py),doelroute is indexeerbaar,"ACTIEF, fragment toevoegen","GEVALIDEERD: doelfragment #calc aanwezig in gebouwde HTML, 30-08-2026"
/veelgestelde-vragen/,#vgv-vooraf,/verhuischecklist/,#checklist,verhuischecklist,wat wanneer moet,Wat moet ik wanneer regelen?,T2 (_werk/blok_veelgestelde_vragen.py),doelroute is indexeerbaar,"ACTIEF, fragment toevoegen","GEVALIDEERD: doelfragment #checklist aanwezig in gebouwde HTML, 30-08-2026"
/veelgestelde-vragen/,#vgv-verhuisdag,/werkwijze/,#verhuisdag,hoe de verhuisdag verloopt,onze werkwijze,Hoe laat staan jullie voor de deur?,T2 (_werk/blok_veelgestelde_vragen.py),doelroute is indexeerbaar,TE PLAATSEN,"GEVALIDEERD: doelfragment #verhuisdag aanwezig in gebouwde HTML, 30-08-2026"
/veelgestelde-vragen/,#vgv-verhuisdag,/diensten/,#d-montage-demontage,montage en demontage,wat wij nog meer doen,Sluiten jullie de wasmachine aan?,T2 (_werk/blok_veelgestelde_vragen.py),WIP: hubanker zolang de servicroute noindex is,"TE HERRICHTEN, wijst nu naar /montage-demontage/","GEVALIDEERD: doelfragment #d-montage-demontage aanwezig in gebouwde HTML, 30-08-2026"
/veelgestelde-vragen/,#vgv-verhuisdag,/montage-demontage/,(paginabreed),montage en demontage,wat wij monteren,Sluiten jullie de wasmachine aan?,T2 (_werk/blok_veelgestelde_vragen.py),pas activeren in het atomaire release-item van de servicroute,NA RELEASE,"GEVALIDEERD: doel is de hele pagina, geen fragment om te toetsen; doelroute bestaat, 30-08-2026"
/veelgestelde-vragen/,#vgv-schade,/verzekering/,#bedragen,verzekering,tot welk bedrag u gedekt bent,Tot hoeveel ben ik gedekt?,T2 (_werk/blok_veelgestelde_vragen.py),doelroute is indexeerbaar,"ACTIEF, fragment toevoegen","GEVALIDEERD: doelfragment #bedragen aanwezig in gebouwde HTML, 30-08-2026"
/veelgestelde-vragen/,#vgv-schade,/klachtenregeling/,#melden,klachtenregeling,hoe u schade meldt,Hoe meld ik schade?,T2 (_werk/blok_veelgestelde_vragen.py),doelroute is indexeerbaar,"ACTIEF, fragment toevoegen","GEVALIDEERD: doelfragment #melden aanwezig in gebouwde HTML, 30-08-2026"
/veelgestelde-vragen/,#vgv-schade,/algemene-voorwaarden/,#avvv,de voorwaarden die hierbij gelden,AVVV 2025 nalezen,Waar staat dat precies?,T2 (_werk/blok_veelgestelde_vragen.py),doelroute is indexeerbaar,TE PLAATSEN,"GEVALIDEERD: doelfragment #avvv aanwezig in gebouwde HTML, 30-08-2026"
/veelgestelde-vragen/,#vgv-opslag,/diensten/,#d-inboedelopslag,inboedelopslag,wat wij aan opslag doen,Waar staan mijn spullen dan?,T2 (_werk/blok_veelgestelde_vragen.py),WIP: hubanker zolang de servicroute noindex is,"TE HERRICHTEN, wijst nu naar /inboedelopslag/","GEVALIDEERD: doelfragment #d-inboedelopslag aanwezig in gebouwde HTML, 30-08-2026"
/veelgestelde-vragen/,#vgv-opslag,/inboedelopslag/,(paginabreed),onze inboedelopslag,opslag van uw inboedel,Waar staan mijn spullen dan?,T2 (_werk/blok_veelgestelde_vragen.py),pas activeren in het atomaire release-item van de servicroute,NA RELEASE,"GEVALIDEERD: doel is de hele pagina, geen fragment om te toetsen; doelroute bestaat, 30-08-2026"
/veelgestelde-vragen/,#vgv-opslag,/algemene-voorwaarden/,#avbv,de bewaarnemingsvoorwaarden AVBV 2025,de opslagvoorwaarden,Onder welke voorwaarden staat het er?,T2 (_werk/blok_veelgestelde_vragen.py),doelroute is indexeerbaar,TE PLAATSEN,"GEVALIDEERD: doelfragment #avbv aanwezig in gebouwde HTML, 30-08-2026"
/veelgestelde-vragen/,#vgv-zakelijk,/diensten/,#d-kantoorverhuizing,kantoorverhuizing,wat wij zakelijk doen,Verhuizen jullie ook bedrijven?,T2 (_werk/blok_veelgestelde_vragen.py),WIP: hubanker zolang de servicroute noindex is,"TE HERRICHTEN, wijst nu naar /kantoorverhuizing/","GEVALIDEERD: doelfragment #d-kantoorverhuizing aanwezig in gebouwde HTML, 30-08-2026"
/veelgestelde-vragen/,#vgv-zakelijk,/kantoorverhuizing/,(paginabreed),onze kantoorverhuizing,zakelijk verhuizen,Verhuizen jullie ook bedrijven?,T2 (_werk/blok_veelgestelde_vragen.py),pas activeren in het atomaire release-item van de servicroute,NA RELEASE,"GEVALIDEERD: doel is de hele pagina, geen fragment om te toetsen; doelroute bestaat, 30-08-2026"
/veelgestelde-vragen/,#vgv-zakelijk,/diensten/,#d-internationale-verhuizing,internationale verhuizing,verhuizen over de grens,Verhuizen jullie ook naar het buitenland?,T2 (_werk/blok_veelgestelde_vragen.py),WIP: hubanker zolang de servicroute noindex is,"TE HERRICHTEN, wijst nu naar /internationale-verhuizing/","GEVALIDEERD: doelfragment #d-internationale-verhuizing aanwezig in gebouwde HTML, 30-08-2026"
/veelgestelde-vragen/,#vgv-zakelijk,/internationale-verhuizing/,(paginabreed),onze internationale verhuizingen,verhuizen over de grens,Verhuizen jullie ook naar het buitenland?,T2 (_werk/blok_veelgestelde_vragen.py),pas activeren in het atomaire release-item van de servicroute,NA RELEASE,"GEVALIDEERD: doel is de hele pagina, geen fragment om te toetsen; doelroute bestaat, 30-08-2026"
/veelgestelde-vragen/,#vgv-zakelijk,/algemene-voorwaarden/,#avvvbe,"de voorwaarden buiten Europa, AVVV-BE 2025",de internationale voorwaarden,Welke voorwaarden gelden buiten Europa?,T2 (_werk/blok_veelgestelde_vragen.py),doelroute is indexeerbaar,TE PLAATSEN,"GEVALIDEERD: doelfragment #avvvbe aanwezig in gebouwde HTML, 30-08-2026"
/veelgestelde-vragen/,#vgv-zakelijk,/algemene-voorwaarden/,(geen bestemming),de bedrijfsverhuisvoorwaarden,de voorwaarden voor bedrijven,"Onder welke aansprakelijkheidsvoorwaarden verhuist u ons kantoor? Shahab bevestigde 30-08 dat De Kievit AVB 2020 hanteert, maar die set is niet op de site gepubliceerd: de vijf gepubliceerde sets zijn AVVV, AVVV-BE, AVBV, AVHD en PV05. Bestemming pas te bepalen als T3 zegt of AVB 2020 wordt gepubliceerd of waarnaar in plaats daarvan verwezen wordt.",T2 (_werk/blok_veelgestelde_vragen.py),"GEBLOKKEERD: het antwoord noemt een grens van 50.000 euro per wagenzending, maar de set die dat regelt (AVB) staat niet op /algemene-voorwaarden/; die publiceert AVVV, AVVV-BE, AVBV, AVHD en PV05","GEBLOKKEERD, wacht op bestemmingsbesluit T3 (AVB 2020 bestaat, staat niet op de site)",GEBLOKKEERD: het label uit het masterplan heeft geen route en geen bestaand fragment; OWNER INPUT NEEDED bij T3
/vacatures/,#vac-start,/over-ons/,#wie-wij-zijn,wie wij zijn,over De Kievit,Bij wat voor bedrijf kom ik terecht?,T2 (_werk/paginas/vacatures.html),doelroute is indexeerbaar,TE PLAATSEN,"GEVALIDEERD: doelfragment #wie-wij-zijn aanwezig in gebouwde HTML, 30-08-2026"
/vacatures/,#vac-dag,/werkwijze/,#verhuisdag,hoe een verhuisdag verloopt,onze werkwijze,Hoe ziet zo'n dag er echt uit?,T2 (_werk/paginas/vacatures.html),doelroute is indexeerbaar,TE PLAATSEN,"GEVALIDEERD: doelfragment #verhuisdag aanwezig in gebouwde HTML, 30-08-2026"
/vacatures/,#vac-opleiding,/certificeringen/,#erkende-verhuizers,wat een erkend leerbedrijf betekent,onze erkenningen,Krijg ik hier een echt diploma?,T2 (_werk/paginas/vacatures.html),doelroute is indexeerbaar,TE PLAATSEN,"GEVALIDEERD: doelfragment #erkende-verhuizers aanwezig in gebouwde HTML, 30-08-2026"
/vacatures/,#vac-slot,/contact/,#bedrijfsgegevens,waar u ons vindt,onze contactgegevens,Waar moet ik mijn bericht heen sturen?,T2 (_werk/paginas/vacatures.html),sollicitatieactie in plaats van de verhuisoffertefunnel; sollicitatieadres OWNER INPUT NEEDED,TE PLAATSEN,"GEVALIDEERD: doelfragment #bedrijfsgegevens aanwezig in gebouwde HTML, 30-08-2026"
/over-ons/,#wie-wij-zijn,/erkende-verhuizer/,#wat,wat een Erkende Verhuizer is,het keurmerk uitgelegd,Wat betekent die erkenning voor mij?,T3 (_werk/paginas/over-ons.html),doelroute is indexeerbaar,TE PLAATSEN,"GEVALIDEERD: doelfragment #wat aanwezig in gebouwde HTML, 30-08-2026"
/over-ons/,#familie,/werkwijze/,#zo-werkt-het,zo verloopt een verhuizing bij ons,onze werkwijze,Hoe werken zij dan?,T3 (_werk/paginas/over-ons.html),doelroute is indexeerbaar,"ACTIEF, fragment toevoegen","GEVALIDEERD: doelfragment #zo-werkt-het aanwezig in gebouwde HTML, 30-08-2026"
/over-ons/,#familie,/vacatures/,#vac-start,werken bij De Kievit,onze vacatures,Kan ik hier werken?,T3 (_werk/paginas/over-ons.html),doelroute is indexeerbaar,TE PLAATSEN,"GEVALIDEERD: doelfragment #vac-start aanwezig in gebouwde HTML, 30-08-2026"
/over-ons/,#de-bresser,/certificeringen/,#niwo,op wiens naam de vergunning staat,onze certificeringen,Wie is de contractpartij eigenlijk?,T3 (_werk/paginas/over-ons.html),doelroute is indexeerbaar,TE PLAATSEN,"GEVALIDEERD: doelfragment #niwo aanwezig in gebouwde HTML, 30-08-2026"
/over-ons/,#de-bresser,/duurzaamheid/,#dz-bresser,wat De Bresser over 2025 rapporteert,onze duurzaamheid,Wat doet die organisatie aan milieu?,T3 (_werk/paginas/over-ons.html),doelroute is indexeerbaar,TE PLAATSEN,"GEVALIDEERD: doelfragment #dz-bresser aanwezig in gebouwde HTML, 30-08-2026"
/erkende-verhuizer/,#wat,/algemene-voorwaarden/,#avvv,de voorwaarden waar dat in staat,AVVV 2025 nalezen,Waar staan die regels precies?,T3 (_werk/paginas/erkende-verhuizer.html),doelroute is indexeerbaar,TE PLAATSEN,"GEVALIDEERD: doelfragment #avvv aanwezig in gebouwde HTML, 30-08-2026"
/erkende-verhuizer/,#eisen,/certificeringen/,#erkende-verhuizers,op wiens naam de erkenning staat,onze certificeringen,Staat die erkenning wel op dit bedrijf?,T3 (_werk/paginas/erkende-verhuizer.html),doelroute is indexeerbaar,TE PLAATSEN,"GEVALIDEERD: doelfragment #erkende-verhuizers aanwezig in gebouwde HTML, 30-08-2026"
/erkende-verhuizer/,#grens,/verzekering/,#basis,waarvoor u verzekerd bent,wat er gedekt is,Tot hoever gaat die garantie?,T3 (_werk/paginas/erkende-verhuizer.html),doelroute is indexeerbaar,"ACTIEF, fragment toevoegen","GEVALIDEERD: doelfragment #basis aanwezig in gebouwde HTML, 30-08-2026"
/erkende-verhuizer/,#grens,/klachtenregeling/,#melden,als er iets misgaat,hoe u een klacht meldt,En als er toch iets misgaat?,T3 (_werk/paginas/erkende-verhuizer.html),doelroute is indexeerbaar,"ACTIEF, fragment toevoegen","GEVALIDEERD: doelfragment #melden aanwezig in gebouwde HTML, 30-08-2026"
/certificeringen/,#erkende-verhuizers,/erkende-verhuizer/,#wat,wat het keurmerk inhoudt,de erkenning uitgelegd,Wat heb ik aan dat keurmerk?,T3 (_werk/paginas/certificeringen.html),doelroute is indexeerbaar,"ACTIEF, verplaatsen uit #niwo","GEVALIDEERD: doelfragment #wat aanwezig in gebouwde HTML, 30-08-2026"
/certificeringen/,#top-movers,/over-ons/,#de-bresser,hoe wij bij dit netwerk horen,over de organisatie,Bij wie hoort deze vestiging?,T3 (_werk/paginas/certificeringen.html),doelroute is indexeerbaar,TE PLAATSEN,"GEVALIDEERD: doelfragment #de-bresser aanwezig in gebouwde HTML, 30-08-2026"
/certificeringen/,#co2,/duurzaamheid/,#dz-koepel,wat wij in Venlo zelf doen,onze duurzaamheid,Wat merk ik daar als klant van?,T3 (_werk/paginas/certificeringen.html),doelroute is indexeerbaar,"ACTIEF, fragment toevoegen","GEVALIDEERD: doelfragment #dz-koepel aanwezig in gebouwde HTML, 30-08-2026"
/certificeringen/,#cert-vw-kop,/algemene-voorwaarden/,#avvv,de volledige voorwaarden,AVVV 2025 nalezen,Welke voorwaarden gelden voor mij?,T3 (_werk/paginas/certificeringen.html),doelroute is indexeerbaar,"ACTIEF, verplaatsen uit #niwo","GEVALIDEERD: doelfragment #avvv aanwezig in gebouwde HTML, 30-08-2026"
/certificeringen/,#cert-vw-kop,/algemene-voorwaarden/,#avbv,de bewaarnemingsvoorwaarden,AVBV 2025 nalezen,En als mijn spullen tijdelijk staan?,T3 (_werk/paginas/certificeringen.html),doelroute is indexeerbaar,TE PLAATSEN,"GEVALIDEERD: doelfragment #avbv aanwezig in gebouwde HTML, 30-08-2026"
/certificeringen/,#cert-vw-kop,/algemene-voorwaarden/,#avhd,de handymanvoorwaarden,AVHD 2025 nalezen,En bij montagewerk?,T3 (_werk/paginas/certificeringen.html),doelroute is indexeerbaar,TE PLAATSEN,"GEVALIDEERD: doelfragment #avhd aanwezig in gebouwde HTML, 30-08-2026"
/certificeringen/,#vca,/diensten/,#d-kantoorverhuizing,zakelijk verhuizen met De Kievit,wat wij zakelijk doen,Wat betekent VCA voor mijn bedrijfsverhuizing?,T3 (_werk/paginas/certificeringen.html),WIP: hubanker zolang de servicroute noindex is,"TE HERRICHTEN, wijst nu naar /kantoorverhuizing/","GEVALIDEERD: doelfragment #d-kantoorverhuizing aanwezig in gebouwde HTML, 30-08-2026"
/certificeringen/,#vca,/kantoorverhuizing/,(paginabreed),zakelijk verhuizen met De Kievit,onze kantoorverhuizing,Wat betekent VCA voor mijn bedrijfsverhuizing?,T3 (_werk/paginas/certificeringen.html),pas activeren in het atomaire release-item van de servicroute,NA RELEASE,"GEVALIDEERD: doel is de hele pagina, geen fragment om te toetsen; doelroute bestaat, 30-08-2026"
/verzekering/,#basis,/algemene-voorwaarden/,#avvv,het artikel waar dit in staat,AVVV 2025 nalezen,Waar staat dat zwart op wit?,T3 (_werk/paginas/verzekering.html),doelroute is indexeerbaar,TE PLAATSEN,"GEVALIDEERD: doelfragment #avvv aanwezig in gebouwde HTML, 30-08-2026"
/verzekering/,#bedragen,/erkende-verhuizer/,#z-ok,de acht zekerheden van een Erkende Verhuizer,wat de erkenning garandeert,Waar komen die bedragen vandaan?,T3 (_werk/paginas/verzekering.html),doelroute is indexeerbaar,TE PLAATSEN,"GEVALIDEERD: doelfragment #z-ok aanwezig in gebouwde HTML, 30-08-2026"
/verzekering/,#uitsluiting,/inpaktips/,#inpak-breekbaar,hoe u breekbaar zelf goed inpakt,onze inpaktips,Hoe voorkom ik dat ik buiten de dekking val?,T3 (_werk/paginas/verzekering.html),doelroute is indexeerbaar,TE PLAATSEN,"GEVALIDEERD: doelfragment #inpak-breekbaar aanwezig in gebouwde HTML, 30-08-2026"
/verzekering/,#opslag-zakelijk,/algemene-voorwaarden/,#avbv,de bewaarnemingsvoorwaarden AVBV 2025,de opslagvoorwaarden,Wat geldt er tijdens opslag?,T3 (_werk/paginas/verzekering.html),doelroute is indexeerbaar,TE PLAATSEN,"GEVALIDEERD: doelfragment #avbv aanwezig in gebouwde HTML, 30-08-2026"
/verzekering/,#afsluiter,/klachtenregeling/,#melden,er is toch iets misgegaan,hoe u schade meldt,Hoe meld ik dit?,T3 (_werk/paginas/verzekering.html),doelroute is indexeerbaar,"ACTIEF, fragment toevoegen","GEVALIDEERD: doelfragment #melden aanwezig in gebouwde HTML, 30-08-2026"
/klachtenregeling/,#melden,/verzekering/,#uitkering,op welke waarde wordt uitgekeerd,wat er vergoed wordt,Wat krijg ik dan vergoed?,T3 (_werk/paginas/klachtenregeling.html),doelroute is indexeerbaar,TE PLAATSEN,"GEVALIDEERD: doelfragment #uitkering aanwezig in gebouwde HTML, 30-08-2026"
/klachtenregeling/,#route,/algemene-voorwaarden/,#avvv,de meldtermijnen in de voorwaarden,AVVV 2025 nalezen,Hoelang heb ik om te melden?,T3 (_werk/paginas/klachtenregeling.html),doelroute is indexeerbaar,TE PLAATSEN,"GEVALIDEERD: doelfragment #avvv aanwezig in gebouwde HTML, 30-08-2026"
/klachtenregeling/,#garantie,/erkende-verhuizer/,#z-ok,het garantiecertificaat,wat de erkenning garandeert,Wat als jullie de uitspraak niet nakomen?,T3 (_werk/paginas/klachtenregeling.html),doelroute is indexeerbaar,TE PLAATSEN,"GEVALIDEERD: doelfragment #z-ok aanwezig in gebouwde HTML, 30-08-2026"
/klantervaringen/,#kev-vaak-kop,/werkwijze/,#zo-werkt-het,zo verloopt een verhuizing bij ons,onze werkwijze,Werkt dat bij mij ook zo?,T3 (_werk/paginas/klantervaringen.html),doelroute is indexeerbaar,TE PLAATSEN,"GEVALIDEERD: doelfragment #zo-werkt-het aanwezig in gebouwde HTML, 30-08-2026"
/klantervaringen/,#kev-hoe-kop,/over-ons/,#wie-wij-zijn,wie deze verhuizingen doet,over De Kievit,Wie zijn die mensen?,T3 (_werk/paginas/klantervaringen.html),doelroute is indexeerbaar,TE PLAATSEN,"GEVALIDEERD: doelfragment #wie-wij-zijn aanwezig in gebouwde HTML, 30-08-2026"
/klantervaringen/,#kev-faq-kop,/erkende-verhuizer/,#wat,waarom wij worden nagelopen,de erkenning uitgelegd,Wie controleert dit bedrijf?,T3 (_werk/paginas/klantervaringen.html),doelroute is indexeerbaar,TE PLAATSEN,"GEVALIDEERD: doelfragment #wat aanwezig in gebouwde HTML, 30-08-2026"
/klantervaringen/,#kev-slot-kop,/contact/,#contact-intro,even iemand spreken,neem contact op,Ik wil dit persoonlijk bespreken,T3 (_werk/paginas/klantervaringen.html),doelroute is indexeerbaar,TE PLAATSEN,"GEVALIDEERD: doelfragment #contact-intro aanwezig in gebouwde HTML, 30-08-2026"
/duurzaamheid/,#dz-koepel,/certificeringen/,#co2,op wiens naam de CO2-ladder staat,onze certificeringen,Wie is er nu eigenlijk gecertificeerd?,T3 (_werk/paginas/duurzaamheid.html),doelroute is indexeerbaar,TE PLAATSEN,"GEVALIDEERD: doelfragment #co2 aanwezig in gebouwde HTML, 30-08-2026"
/duurzaamheid/,#dz-bresser,/over-ons/,#de-bresser,de organisatie waar wij bij horen,over De Bresser,Van wie zijn die cijfers?,T3 (_werk/paginas/duurzaamheid.html),doelroute is indexeerbaar,TE PLAATSEN,"GEVALIDEERD: doelfragment #de-bresser aanwezig in gebouwde HTML, 30-08-2026"
/duurzaamheid/,#dz-faq,/diensten/,#verhuisdiensten,herbruikbare dozen en kratten,onze verhuisdiensten,Hoe voorkom ik afval bij mijn verhuizing?,T3 (_werk/paginas/duurzaamheid.html),WIP: hubanker zolang de servicroute noindex is,TE PLAATSEN,"GEVALIDEERD: doelfragment #verhuisdiensten aanwezig in gebouwde HTML, 30-08-2026"
/contact/,#contact-intro,/diensten/,(paginabreed),onze verhuisdiensten,wat wij doen,Wat kunnen jullie precies voor mij doen?,T3 (_werk/paginas/contact.html),doelroute is indexeerbaar,TE PLAATSEN,"GEVALIDEERD: doel is de hele pagina, geen fragment om te toetsen; doelroute bestaat, 30-08-2026"
/contact/,#contact-intro,/werkwijze/,#zo-werkt-het,hoe het daarna verloopt,onze werkwijze,Wat gebeurt er na mijn aanvraag?,T3 (_werk/paginas/contact.html),doelroute is indexeerbaar,TE PLAATSEN,"GEVALIDEERD: doelfragment #zo-werkt-het aanwezig in gebouwde HTML, 30-08-2026"
/contact/,#contact-faq,/veelgestelde-vragen/,(paginabreed),alle veelgestelde vragen,meer vragen en antwoorden,Mijn vraag staat er niet bij,T3 (_werk/paginas/contact.html),doelroute is indexeerbaar,TE PLAATSEN,"GEVALIDEERD: doel is de hele pagina, geen fragment om te toetsen; doelroute bestaat, 30-08-2026"
/algemene-voorwaarden/,"#av-intro (nieuw, T3)",/verzekering/,#basis,verzekering en garantie,waarvoor u gedekt bent,Wat betekent dit voor mijn dekking?,T3 (_werk/paginas/algemene-voorwaarden.html),"alleen in de eigen intro, niet tussen de artikelen","ACTIEF, fragment toevoegen","DEELS GETOETST: doelfragment #basis aanwezig in gebouwde HTML, 30-08-2026; bronblok #av-intro moet nog door T3 geschreven worden, niet toetsbaar"
/algemene-voorwaarden/,"#av-intro (nieuw, T3)",/klachtenregeling/,#melden,klachtenregeling,hoe u een klacht meldt,En als ik het er niet mee eens ben?,T3 (_werk/paginas/algemene-voorwaarden.html),"alleen in de eigen intro, niet tussen de artikelen","ACTIEF, fragment toevoegen","DEELS GETOETST: doelfragment #melden aanwezig in gebouwde HTML, 30-08-2026; bronblok #av-intro moet nog door T3 geschreven worden, niet toetsbaar"
/algemene-voorwaarden/,"#av-intro (nieuw, T3)",/erkende-verhuizer/,#wat,waarom deze voorwaarden gelden,de erkenning uitgelegd,Waarom zijn dit jullie voorwaarden?,T3 (_werk/paginas/algemene-voorwaarden.html),"alleen in de eigen intro, niet tussen de artikelen",TE PLAATSEN,"DEELS GETOETST: doelfragment #wat aanwezig in gebouwde HTML, 30-08-2026; bronblok #av-intro moet nog door T3 geschreven worden, niet toetsbaar"
/algemene-voorwaarden/,"#av-intro (nieuw, T3)",/diensten/,#d-inboedelopslag,opslag van uw inboedel,onze verhuisdiensten,Welke voorwaarden gelden bij opslag?,T3 (_werk/paginas/algemene-voorwaarden.html),WIP: hubanker zolang de servicroute noindex is,"TE HERRICHTEN, wijst nu naar /inboedelopslag/","DEELS GETOETST: doelfragment #d-inboedelopslag aanwezig in gebouwde HTML, 30-08-2026; bronblok #av-intro moet nog door T3 geschreven worden, niet toetsbaar"
/algemene-voorwaarden/,"#av-intro (nieuw, T3)",/inboedelopslag/,(paginabreed),opslag van uw inboedel,onze inboedelopslag,Welke voorwaarden gelden bij opslag?,T3 (_werk/paginas/algemene-voorwaarden.html),pas activeren in het atomaire release-item van de servicroute,NA RELEASE,"DEELS GETOETST: doel is de hele pagina, geen fragment om te toetsen; doelroute bestaat, 30-08-2026; bronblok #av-intro moet nog door T3 geschreven worden, niet toetsbaar"
/privacybeleid/,#cookies,/cookiebeleid/,#geen-cookies,cookiebeleid,wat deze site op uw apparaat zet,Zet deze site cookies?,T3 (_werk/paginas/privacybeleid.html),doelroute is indexeerbaar,"ACTIEF, fragment toevoegen","GEVALIDEERD: doelfragment #geen-cookies aanwezig in gebouwde HTML, 30-08-2026"
/privacybeleid/,#rechten,/toegankelijkheid/,#hulp,loopt u vast op de site,de toegankelijkheidsverklaring,Hoe doe ik dat als de site niet werkt voor mij?,T3 (_werk/paginas/privacybeleid.html),doelroute is indexeerbaar,TE PLAATSEN,"GEVALIDEERD: doelfragment #hulp aanwezig in gebouwde HTML, 30-08-2026"
/privacybeleid/,#wijzigingen,/contact/,#bedrijfsgegevens,onze contactgegevens,waar u ons bereikt,Bij wie moet ik zijn?,T3 (_werk/paginas/privacybeleid.html),doelroute is indexeerbaar,"ACTIEF, fragment toevoegen","GEVALIDEERD: doelfragment #bedrijfsgegevens aanwezig in gebouwde HTML, 30-08-2026"
/privacybeleid/,#delen,/diensten/,#d-inboedelopslag,inboedelopslag,onze verhuisdiensten,Wie krijgt mijn gegevens bij opslag?,T3 (_werk/paginas/privacybeleid.html),WIP: hubanker zolang de servicroute noindex is,"TE HERRICHTEN, wijst nu naar /inboedelopslag/","GEVALIDEERD: doelfragment #d-inboedelopslag aanwezig in gebouwde HTML, 30-08-2026"
/privacybeleid/,#delen,/inboedelopslag/,(paginabreed),inboedelopslag,onze inboedelopslag,Wie krijgt mijn gegevens bij opslag?,T3 (_werk/paginas/privacybeleid.html),pas activeren in het atomaire release-item van de servicroute,NA RELEASE,"GEVALIDEERD: doel is de hele pagina, geen fragment om te toetsen; doelroute bestaat, 30-08-2026"
/cookiebeleid/,#cookie-en-opslag,/privacybeleid/,#gegevens,privacybeleid,welke gegevens wij krijgen,En wat gebeurt er met mijn gegevens?,T3 (_werk/paginas/cookiebeleid.html),doelroute is indexeerbaar,"ACTIEF, fragment toevoegen","GEVALIDEERD: doelfragment #gegevens aanwezig in gebouwde HTML, 30-08-2026"
/cookiebeleid/,#vragen,/contact/,#contact-intro,contactpagina,neem contact op,Bij wie kan ik hierover terecht?,T3 (_werk/paginas/cookiebeleid.html),doelroute is indexeerbaar,"ACTIEF, fragment toevoegen","GEVALIDEERD: doelfragment #contact-intro aanwezig in gebouwde HTML, 30-08-2026"
/disclaimer/,#actueel,/algemene-voorwaarden/,#avvv,algemene voorwaarden,AVVV 2025 nalezen,Wat geldt er dan wel?,T3 (_werk/paginas/disclaimer.html),doelroute is indexeerbaar,"ACTIEF, fragment toevoegen","GEVALIDEERD: doelfragment #avvv aanwezig in gebouwde HTML, 30-08-2026"
/disclaimer/,#rekenhulpen,/dozencalculator/,#aannames,waar dit getal vandaan komt,de dozencalculator,Hoe hard is die schatting?,T3 (_werk/paginas/disclaimer.html),doelroute is indexeerbaar,"ACTIEF, fragment toevoegen","GEVALIDEERD: doelfragment #aannames aanwezig in gebouwde HTML, 30-08-2026"
/disclaimer/,#rekenhulpen,/m3-calculator/,#m3-fout-kop,wat de calculator niet ziet,de m3-calculator,Hoe hard is die schatting?,T3 (_werk/paginas/disclaimer.html),doelroute is indexeerbaar,"ACTIEF, fragment toevoegen","GEVALIDEERD: doelfragment #m3-fout-kop aanwezig in gebouwde HTML, 30-08-2026"
/disclaimer/,#cijfers,/klantervaringen/,#kev-reviews-kop,klantervaringen,de beoordelingen zelf,Waar komen die cijfers vandaan?,T3 (_werk/paginas/disclaimer.html),doelroute is indexeerbaar,"ACTIEF, fragment toevoegen","GEVALIDEERD: doelfragment #kev-reviews-kop aanwezig in gebouwde HTML, 30-08-2026"
/toegankelijkheid/,#waarover,/privacybeleid/,#verantwoordelijke,privacybeleid,wie verantwoordelijk is,Wie is hier verantwoordelijk voor?,T3 (_werk/paginas/toegankelijkheid.html),doelroute is indexeerbaar,"ACTIEF, fragment toevoegen","GEVALIDEERD: doelfragment #verantwoordelijke aanwezig in gebouwde HTML, 30-08-2026"
/toegankelijkheid/,#hulp,/contact/,#contact-intro,de contactpagina,neem contact op,Bij wie meld ik dat ik vastloop?,T3 (_werk/paginas/toegankelijkheid.html),doelroute is indexeerbaar,"ACTIEF, fragment toevoegen","GEVALIDEERD: doelfragment #contact-intro aanwezig in gebouwde HTML, 30-08-2026"
/sitemap/,#sm-diensten,/diensten/,(paginabreed),Onze verhuisdiensten,alle diensten,Welke pagina zoek ik?,T1 (_werk/navigatie.py),de elf noindex-services horen hier niet als bestemming zolang zij WIP zijn,TE HERRICHTEN,"GEVALIDEERD: doel is de hele pagina, geen fragment om te toetsen; doelroute bestaat, 30-08-2026"
/particulier-verhuizen/,#proces (nieuw),/werkwijze/,#zo-werkt-het,zo verloopt uw verhuisdag,onze werkwijze,Wat gebeurt er op de dag zelf?,"T2 (nieuw servicebronbestand, Fase 3)",pas activeren in het atomaire release-item van de servicroute,NA RELEASE,"DEELS GETOETST: doelfragment #zo-werkt-het aanwezig in gebouwde HTML, 30-08-2026; bronblok #proces moet nog door T2 geschreven worden, niet toetsbaar"
/particulier-verhuizen/,#voorbereiding (nieuw),/verhuischecklist/,#checklist,wat u zelf moet regelen,de verhuischecklist,Wat blijft er bij mij liggen?,"T2 (nieuw servicebronbestand, Fase 3)",pas activeren in het atomaire release-item van de servicroute,NA RELEASE,"DEELS GETOETST: doelfragment #checklist aanwezig in gebouwde HTML, 30-08-2026; bronblok #voorbereiding moet nog door T2 geschreven worden, niet toetsbaar"
/particulier-verhuizen/,#dekking (nieuw),/verzekering/,#basis,waarvoor u verzekerd bent,wat er gedekt is,Ben ik verzekerd?,"T2 (nieuw servicebronbestand, Fase 3)",pas activeren in het atomaire release-item van de servicroute,NA RELEASE,"DEELS GETOETST: doelfragment #basis aanwezig in gebouwde HTML, 30-08-2026; bronblok #dekking moet nog door T2 geschreven worden, niet toetsbaar"
/particulier-verhuizen/,#vervolg (nieuw),/contact/,#contact-intro,even iemand spreken,neem contact op,Ik wil dit bespreken,"T2 (nieuw servicebronbestand, Fase 3)",pas activeren in het atomaire release-item van de servicroute,NA RELEASE,"DEELS GETOETST: doelfragment #contact-intro aanwezig in gebouwde HTML, 30-08-2026; bronblok #vervolg moet nog door T2 geschreven worden, niet toetsbaar"
/kantoorverhuizing/,#draaiboek (nieuw),/werkwijze/,#zo-werkt-het,onze werkwijze,hoe wij het aanpakken,Hoe pakken jullie dit projectmatig aan?,"T2 (nieuw servicebronbestand, Fase 3)",pas activeren in het atomaire release-item van de servicroute,NA RELEASE,"DEELS GETOETST: doelfragment #zo-werkt-het aanwezig in gebouwde HTML, 30-08-2026; bronblok #draaiboek moet nog door T2 geschreven worden, niet toetsbaar"
/kantoorverhuizing/,#milieu (nieuw),/duurzaamheid/,#dz-start,wat wij aan duurzaam verhuizen doen,onze duurzaamheid,Voldoen jullie aan onze inkoopcriteria?,"T2 (nieuw servicebronbestand, Fase 3)",pas activeren in het atomaire release-item van de servicroute,NA RELEASE,"DEELS GETOETST: doelfragment #dz-start aanwezig in gebouwde HTML, 30-08-2026; bronblok #milieu moet nog door T2 geschreven worden, niet toetsbaar"
/kantoorverhuizing/,#voorwaarden (nieuw),/verzekering/,#opslag-zakelijk,hoe zakelijk werk verzekerd is,de zakelijke dekking,Wat is de aansprakelijkheidsgrens?,"T2 (nieuw servicebronbestand, Fase 3)",pas activeren in het atomaire release-item van de servicroute,NA RELEASE,"DEELS GETOETST: doelfragment #opslag-zakelijk aanwezig in gebouwde HTML, 30-08-2026; bronblok #voorwaarden moet nog door T2 geschreven worden, niet toetsbaar"
/kantoorverhuizing/,#vervolg (nieuw),/contact/,#contact-intro,een projectgesprek inplannen,neem contact op,Met wie bespreek ik dit?,"T2 (nieuw servicebronbestand, Fase 3)",pas activeren in het atomaire release-item van de servicroute,NA RELEASE,"DEELS GETOETST: doelfragment #contact-intro aanwezig in gebouwde HTML, 30-08-2026; bronblok #vervolg moet nog door T2 geschreven worden, niet toetsbaar"
/internationale-verhuizing/,#voorwaarden (nieuw),/algemene-voorwaarden/,#avvvbe,de voorwaarden buiten Europa,AVVV-BE 2025,Welke voorwaarden gelden over de grens?,"T2 (nieuw servicebronbestand, Fase 3)",pas activeren in het atomaire release-item van de servicroute,NA RELEASE,"DEELS GETOETST: doelfragment #avvvbe aanwezig in gebouwde HTML, 30-08-2026; bronblok #voorwaarden moet nog door T2 geschreven worden, niet toetsbaar"
/internationale-verhuizing/,#dekking (nieuw),/verzekering/,#bedragen,de dekking buiten Nederland,tot welk bedrag u gedekt bent,Ben ik in het buitenland net zo gedekt?,"T2 (nieuw servicebronbestand, Fase 3)",pas activeren in het atomaire release-item van de servicroute,NA RELEASE,"DEELS GETOETST: doelfragment #bedragen aanwezig in gebouwde HTML, 30-08-2026; bronblok #dekking moet nog door T2 geschreven worden, niet toetsbaar"
/internationale-verhuizing/,#volume (nieuw),/m3-calculator/,#m3-intro-kop,schat uw volume,de m3-calculator,Hoeveel gaat er mee?,"T2 (nieuw servicebronbestand, Fase 3)",pas activeren in het atomaire release-item van de servicroute,NA RELEASE,"DEELS GETOETST: doelfragment #m3-intro-kop aanwezig in gebouwde HTML, 30-08-2026; bronblok #volume moet nog door T2 geschreven worden, niet toetsbaar"
/internationale-verhuizing/,#vervolg (nieuw),/contact/,#contact-intro,uw bestemming doorgeven,neem contact op,Doen jullie mijn bestemming?,"T2 (nieuw servicebronbestand, Fase 3)",pas activeren in het atomaire release-item van de servicroute,NA RELEASE,"DEELS GETOETST: doelfragment #contact-intro aanwezig in gebouwde HTML, 30-08-2026; bronblok #vervolg moet nog door T2 geschreven worden, niet toetsbaar"
/inboedelopslag/,#voorwaarden (nieuw),/algemene-voorwaarden/,#avbv,de bewaarnemingsvoorwaarden,AVBV 2025,Onder welke voorwaarden staat het er?,"T2 (nieuw servicebronbestand, Fase 3)",pas activeren in het atomaire release-item van de servicroute,NA RELEASE,"DEELS GETOETST: doelfragment #avbv aanwezig in gebouwde HTML, 30-08-2026; bronblok #voorwaarden moet nog door T2 geschreven worden, niet toetsbaar"
/inboedelopslag/,#dekking (nieuw),/verzekering/,#opslag-zakelijk,hoe uw inboedel tijdens opslag gedekt is,de opslagdekking,Is het verzekerd zolang het staat?,"T2 (nieuw servicebronbestand, Fase 3)",pas activeren in het atomaire release-item van de servicroute,NA RELEASE,"DEELS GETOETST: doelfragment #opslag-zakelijk aanwezig in gebouwde HTML, 30-08-2026; bronblok #dekking moet nog door T2 geschreven worden, niet toetsbaar"
/inboedelopslag/,#capaciteit (nieuw),/m3-calculator/,#m3-intro-kop,schat uw volume,de m3-calculator,Hoeveel ruimte heb ik nodig?,"T2 (nieuw servicebronbestand, Fase 3)",pas activeren in het atomaire release-item van de servicroute,NA RELEASE,"DEELS GETOETST: doelfragment #m3-intro-kop aanwezig in gebouwde HTML, 30-08-2026; bronblok #capaciteit moet nog door T2 geschreven worden, niet toetsbaar"
/inboedelopslag/,#vervolg (nieuw),/contact/,#contact-intro,uw periode doorgeven,neem contact op,Hoe regel ik dit?,"T2 (nieuw servicebronbestand, Fase 3)",pas activeren in het atomaire release-item van de servicroute,NA RELEASE,"DEELS GETOETST: doelfragment #contact-intro aanwezig in gebouwde HTML, 30-08-2026; bronblok #vervolg moet nog door T2 geschreven worden, niet toetsbaar"
/inpakservice/,#zelf-doen (nieuw),/inpaktips/,#inpak-start,zelf inpakken zonder schade,onze inpaktips,Wat als ik een deel zelf doe?,"T2 (nieuw servicebronbestand, Fase 3)",pas activeren in het atomaire release-item van de servicroute,NA RELEASE,"DEELS GETOETST: doelfragment #inpak-start aanwezig in gebouwde HTML, 30-08-2026; bronblok #zelf-doen moet nog door T2 geschreven worden, niet toetsbaar"
/inpakservice/,#materiaal (nieuw),/dozencalculator/,#calc,hoeveel dozen er nodig zijn,de dozencalculator,Hoeveel dozen worden dat?,"T2 (nieuw servicebronbestand, Fase 3)",pas activeren in het atomaire release-item van de servicroute,NA RELEASE,"DEELS GETOETST: doelfragment #calc aanwezig in gebouwde HTML, 30-08-2026; bronblok #materiaal moet nog door T2 geschreven worden, niet toetsbaar"
/inpakservice/,#planning (nieuw),/verhuischecklist/,#checklist,wanneer het inpakken moet beginnen,de verhuischecklist,Wanneer komen jullie inpakken?,"T2 (nieuw servicebronbestand, Fase 3)",pas activeren in het atomaire release-item van de servicroute,NA RELEASE,"DEELS GETOETST: doelfragment #checklist aanwezig in gebouwde HTML, 30-08-2026; bronblok #planning moet nog door T2 geschreven worden, niet toetsbaar"
/inpakservice/,#vervolg (nieuw),/contact/,#contact-intro,uw wensen doorgeven,neem contact op,Hoe vraag ik dit aan?,"T2 (nieuw servicebronbestand, Fase 3)",pas activeren in het atomaire release-item van de servicroute,NA RELEASE,"DEELS GETOETST: doelfragment #contact-intro aanwezig in gebouwde HTML, 30-08-2026; bronblok #vervolg moet nog door T2 geschreven worden, niet toetsbaar"
/montage-demontage/,#voorwaarden (nieuw),/algemene-voorwaarden/,#avhd,de handymanvoorwaarden AVHD 2025,de montagevoorwaarden,Onder welke voorwaarden valt dit werk?,"T2 (nieuw servicebronbestand, Fase 3)",pas activeren in het atomaire release-item van de servicroute,NA RELEASE,"DEELS GETOETST: doelfragment #avhd aanwezig in gebouwde HTML, 30-08-2026; bronblok #voorwaarden moet nog door T2 geschreven worden, niet toetsbaar"
/montage-demontage/,#proces (nieuw),/werkwijze/,#verhuisdag,hoe de verhuisdag verloopt,onze werkwijze,Wanneer op de dag gebeurt dit?,"T2 (nieuw servicebronbestand, Fase 3)",pas activeren in het atomaire release-item van de servicroute,NA RELEASE,"DEELS GETOETST: doelfragment #verhuisdag aanwezig in gebouwde HTML, 30-08-2026; bronblok #proces moet nog door T2 geschreven worden, niet toetsbaar"
/montage-demontage/,#grenzen (nieuw),/verzekering/,#uitsluiting,waar de dekking stopt,de uitsluitingen,Wie is aansprakelijk als het misgaat?,"T2 (nieuw servicebronbestand, Fase 3)",pas activeren in het atomaire release-item van de servicroute,NA RELEASE,"DEELS GETOETST: doelfragment #uitsluiting aanwezig in gebouwde HTML, 30-08-2026; bronblok #grenzen moet nog door T2 geschreven worden, niet toetsbaar"
/montage-demontage/,#vervolg (nieuw),/contact/,#contact-intro,uw meubels doorgeven,neem contact op,Hoe geef ik door wat er uit elkaar moet?,"T2 (nieuw servicebronbestand, Fase 3)",pas activeren in het atomaire release-item van de servicroute,NA RELEASE,"DEELS GETOETST: doelfragment #contact-intro aanwezig in gebouwde HTML, 30-08-2026; bronblok #vervolg moet nog door T2 geschreven worden, niet toetsbaar"
/seniorenverhuizing/,#proces (nieuw),/werkwijze/,#opname,wat er bij de opname gebeurt,onze werkwijze,Hoe gaat dat kennismakingsgesprek?,"T2 (nieuw servicebronbestand, Fase 3)",pas activeren in het atomaire release-item van de servicroute,NA RELEASE,"DEELS GETOETST: doelfragment #opname aanwezig in gebouwde HTML, 30-08-2026; bronblok #proces moet nog door T2 geschreven worden, niet toetsbaar"
/seniorenverhuizing/,#ervaringen (nieuw),/klantervaringen/,#kev-reviews-kop,wat andere klanten schreven,de beoordelingen,Hebben jullie dit vaker gedaan?,"T2 (nieuw servicebronbestand, Fase 3)",pas activeren in het atomaire release-item van de servicroute,NA RELEASE,"DEELS GETOETST: doelfragment #kev-reviews-kop aanwezig in gebouwde HTML, 30-08-2026; bronblok #ervaringen moet nog door T2 geschreven worden, niet toetsbaar"
/seniorenverhuizing/,#vervolg (nieuw),/contact/,#contact-intro,even samen bellen,neem contact op,Kan ik hier iemand over spreken?,"T2 (nieuw servicebronbestand, Fase 3)",pas activeren in het atomaire release-item van de servicroute,NA RELEASE,"DEELS GETOETST: doelfragment #contact-intro aanwezig in gebouwde HTML, 30-08-2026; bronblok #vervolg moet nog door T2 geschreven worden, niet toetsbaar"
/spoedverhuizing/,#proces (nieuw),/werkwijze/,#zo-werkt-het,hoe het normaal verloopt,onze werkwijze,Wat sla ik over bij spoed?,"T2 (nieuw servicebronbestand, Fase 3)",pas activeren in het atomaire release-item van de servicroute,NA RELEASE,"DEELS GETOETST: doelfragment #zo-werkt-het aanwezig in gebouwde HTML, 30-08-2026; bronblok #proces moet nog door T2 geschreven worden, niet toetsbaar"
/spoedverhuizing/,#dekking (nieuw),/verzekering/,#basis,waarvoor u verzekerd bent,wat er gedekt is,Blijft het verzekerd als het snel moet?,"T2 (nieuw servicebronbestand, Fase 3)",pas activeren in het atomaire release-item van de servicroute,NA RELEASE,"DEELS GETOETST: doelfragment #basis aanwezig in gebouwde HTML, 30-08-2026; bronblok #dekking moet nog door T2 geschreven worden, niet toetsbaar"
/spoedverhuizing/,#vervolg (nieuw),/contact/,#contact-adres,bel ons direct,onze bereikbaarheid,Wanneer kan ik bellen?,"T2 (nieuw servicebronbestand, Fase 3)",pas activeren in het atomaire release-item van de servicroute,NA RELEASE,"DEELS GETOETST: doelfragment #contact-adres aanwezig in gebouwde HTML, 30-08-2026; bronblok #vervolg moet nog door T2 geschreven worden, niet toetsbaar"
/zorgverhuizing/,#proces (nieuw),/werkwijze/,#aanspreekpunt,"een verhuizing, een aanspreekpunt",onze werkwijze,Met wie hebben onze mensen te maken?,"T2 (nieuw servicebronbestand, Fase 3)",pas activeren in het atomaire release-item van de servicroute,NA RELEASE,"DEELS GETOETST: doelfragment #aanspreekpunt aanwezig in gebouwde HTML, 30-08-2026; bronblok #proces moet nog door T2 geschreven worden, niet toetsbaar"
/zorgverhuizing/,#organisatie (nieuw),/over-ons/,#wie-wij-zijn,wie deze verhuizingen doet,over De Kievit,Aan wie vertrouwen wij dit toe?,"T2 (nieuw servicebronbestand, Fase 3)",pas activeren in het atomaire release-item van de servicroute,NA RELEASE,"DEELS GETOETST: doelfragment #wie-wij-zijn aanwezig in gebouwde HTML, 30-08-2026; bronblok #organisatie moet nog door T2 geschreven worden, niet toetsbaar"
/zorgverhuizing/,#ervaringen (nieuw),/klantervaringen/,#kev-vaak-kop,wat klanten hierover schrijven,de beoordelingen,Hebben jullie hier ervaring mee?,"T2 (nieuw servicebronbestand, Fase 3)",pas activeren in het atomaire release-item van de servicroute,NA RELEASE,"DEELS GETOETST: doelfragment #kev-vaak-kop aanwezig in gebouwde HTML, 30-08-2026; bronblok #ervaringen moet nog door T2 geschreven worden, niet toetsbaar"
/zorgverhuizing/,#vervolg (nieuw),/contact/,#contact-intro,een gesprek inplannen,neem contact op,Hoe zetten wij dit in gang?,"T2 (nieuw servicebronbestand, Fase 3)",pas activeren in het atomaire release-item van de servicroute,NA RELEASE,"DEELS GETOETST: doelfragment #contact-intro aanwezig in gebouwde HTML, 30-08-2026; bronblok #vervolg moet nog door T2 geschreven worden, niet toetsbaar"
/piano-verhuizen/,#proces (nieuw),/werkwijze/,#opname,wat wij bij de opname bekijken,onze werkwijze,Hoe bepalen jullie of het kan?,"T2 (nieuw servicebronbestand, Fase 3)",pas activeren in het atomaire release-item van de servicroute,NA RELEASE,"DEELS GETOETST: doelfragment #opname aanwezig in gebouwde HTML, 30-08-2026; bronblok #proces moet nog door T2 geschreven worden, niet toetsbaar"
/piano-verhuizen/,#dekking (nieuw),/verzekering/,#bedragen,tot welk bedrag uw instrument gedekt is,wat er gedekt is,Wat als mijn vleugel beschadigd raakt?,"T2 (nieuw servicebronbestand, Fase 3)",pas activeren in het atomaire release-item van de servicroute,NA RELEASE,"DEELS GETOETST: doelfragment #bedragen aanwezig in gebouwde HTML, 30-08-2026; bronblok #dekking moet nog door T2 geschreven worden, niet toetsbaar"
/piano-verhuizen/,#vervolg (nieuw),/contact/,#contact-intro,uw instrument doorgeven,neem contact op,Hoe vraag ik een prijs op?,"T2 (nieuw servicebronbestand, Fase 3)",pas activeren in het atomaire release-item van de servicroute,NA RELEASE,"DEELS GETOETST: doelfragment #contact-intro aanwezig in gebouwde HTML, 30-08-2026; bronblok #vervolg moet nog door T2 geschreven worden, niet toetsbaar"
/antiek-en-kunst-verhuizen/,#verpakking (nieuw),/inpaktips/,#inpak-breekbaar,hoe wij breekbaar verpakken,onze inpaktips,Hoe wordt het ingepakt?,"T2 (nieuw servicebronbestand, Fase 3)",pas activeren in het atomaire release-item van de servicroute,NA RELEASE,"DEELS GETOETST: doelfragment #inpak-breekbaar aanwezig in gebouwde HTML, 30-08-2026; bronblok #verpakking moet nog door T2 geschreven worden, niet toetsbaar"
/antiek-en-kunst-verhuizen/,#dekking (nieuw),/verzekering/,#uitsluiting,wat er voor kunst en verzamelingen geldt,de uitsluitingen,Is mijn collectie wel gedekt?,"T2 (nieuw servicebronbestand, Fase 3)",pas activeren in het atomaire release-item van de servicroute,NA RELEASE,"DEELS GETOETST: doelfragment #uitsluiting aanwezig in gebouwde HTML, 30-08-2026; bronblok #dekking moet nog door T2 geschreven worden, niet toetsbaar"
/antiek-en-kunst-verhuizen/,#vervolg (nieuw),/contact/,#contact-intro,uw objectlijst doorgeven,neem contact op,Hoe laat ik dit taxeren?,"T2 (nieuw servicebronbestand, Fase 3)",pas activeren in het atomaire release-item van de servicroute,NA RELEASE,"DEELS GETOETST: doelfragment #contact-intro aanwezig in gebouwde HTML, 30-08-2026; bronblok #vervolg moet nog door T2 geschreven worden, niet toetsbaar"
