bestand,map,bron_url,breedte,hoogte,bytes,alt,titel
2021-09_TM-truck.png,fotos,https://www.topmovers.nl/wp-content/uploads/2021/09/TM-truck.png,947,1021,285152,,
2021-09_topmovers-70-kleiner.jpg,fotos,https://www.topmovers.nl/wp-content/uploads/2021/09/topmovers-70-kleiner.jpg,1500,1000,182816,,topmovers-70 kleiner
2021-09_topmovers-9.jpg,fotos,https://www.topmovers.nl/wp-content/uploads/2021/09/topmovers-9.jpg,2000,1333,403049,,topmovers-9
2021-09_unnamed-file.jpg,fotos,https://www.topmovers.nl/wp-content/uploads/2021/09/unnamed-file.jpg,1080,720,102433,,
2021-09_vrachtwagen.jpg,fotos,https://www.topmovers.nl/wp-content/uploads/2021/09/vrachtwagen.jpg,818,950,92353,,vrachtwagen
2021-09_vrachtwagen.png,fotos,https://www.topmovers.nl/wp-content/uploads/2021/09/vrachtwagen.png,378,475,56052,Vrachtwagen van Top Movers,vrachtwagen
2021-10_100-elektrisch-Top-Mover-truck.jpg,fotos,https://www.topmovers.nl/wp-content/uploads/2021/10/100-elektrisch-Top-Mover-truck.jpg,1800,1198,279140,,100 % elektrisch Top Mover truck
2021-10_7e034cf4-f865-44bc-9668-cffc61e3e39f.jpg,fotos,https://www.topmovers.nl/wp-content/uploads/2021/10/7e034cf4-f865-44bc-9668-cffc61e3e39f.jpg,1600,903,225735,,7e034cf4-f865-44bc-9668-cffc61e3e39f
2021-10_De-leukste-werkplek.jpg,fotos,https://www.topmovers.nl/wp-content/uploads/2021/10/De-leukste-werkplek.jpg,1800,1082,490293,,De leukste werkplek
2021-10_Home-part-topmovers-14.jpg,fotos,https://www.topmovers.nl/wp-content/uploads/2021/10/Home-part-topmovers-14.jpg,1800,1200,203574,,Home part – topmovers-14
2021-10_ICT-2-TOPMOVERS-23.jpg,fotos,https://www.topmovers.nl/wp-content/uploads/2021/10/ICT-2-TOPMOVERS-23.jpg,1800,1200,303384,,ICT 2 – TOPMOVERS-23
2021-10_ICT-TOPMOVERS-11.jpg,fotos,https://www.topmovers.nl/wp-content/uploads/2021/10/ICT-TOPMOVERS-11.jpg,1800,1200,207825,ICT verhuizen,ICT – TOPMOVERS-11
2021-10_IEP_7837cr.jpg,fotos,https://www.topmovers.nl/wp-content/uploads/2021/10/IEP_7837cr.jpg,4256,2352,709643,,IEP_7837cr
2021-10_Internationaal-6bfd3-2.1920x699x1.jpg,fotos,https://www.topmovers.nl/wp-content/uploads/2021/10/Internationaal-6bfd3-2.1920x699x1.jpg,1800,655,242487,,Internationaal – 6bfd3-2.1920x699x1
2021-10_TM-zakelijk.jpg,fotos,https://www.topmovers.nl/wp-content/uploads/2021/10/TM-zakelijk.jpg,1800,1200,289250,,TM zakelijk
2021-10_TOPMOVERS-21.jpg,fotos,https://www.topmovers.nl/wp-content/uploads/2021/10/TOPMOVERS-21.jpg,1800,1200,311185,,TOPMOVERS-21
2021-10_TOPMOVERS-25.jpg,fotos,https://www.topmovers.nl/wp-content/uploads/2021/10/TOPMOVERS-25.jpg,1800,1200,340742,,TOPMOVERS-25
2021-10_TOPMOVERS-36.jpg,fotos,https://www.topmovers.nl/wp-content/uploads/2021/10/TOPMOVERS-36.jpg,1800,1200,246141,,TOPMOVERS-36
2021-10_TOPMOVERS-37.jpg,fotos,https://www.topmovers.nl/wp-content/uploads/2021/10/TOPMOVERS-37.jpg,1800,1200,263073,,TOPMOVERS-37
2021-10_TOPMOVERS-39.jpg,fotos,https://www.topmovers.nl/wp-content/uploads/2021/10/TOPMOVERS-39.jpg,6000,4000,18661942,,TOPMOVERS-39
2021-10_TOPMOVERS-42.jpg,fotos,https://www.topmovers.nl/wp-content/uploads/2021/10/TOPMOVERS-42.jpg,1800,1200,265133,,TOPMOVERS-42
2021-10_TOPMOVERS-44new-logos.jpg,fotos,https://www.topmovers.nl/wp-content/uploads/2021/10/TOPMOVERS-44new-logos.jpg,1920,1280,948214,,TOPMOVERS-44new logos
2021-10_TOPMOVERS-56.jpg,fotos,https://www.topmovers.nl/wp-content/uploads/2021/10/TOPMOVERS-56.jpg,1800,1200,418816,,
2021-10_TOPMOVERS-R1.jpg,fotos,https://www.topmovers.nl/wp-content/uploads/2021/10/TOPMOVERS-R1.jpg,1800,1043,313121,,TOPMOVERS R1
2021-10_TOPMOVERS-R2.jpg,fotos,https://www.topmovers.nl/wp-content/uploads/2021/10/TOPMOVERS-R2.jpg,1800,1043,388164,,TOPMOVERS R2
2021-10_TOPMOVERS-ZAKELIJK.jpg,fotos,https://www.topmovers.nl/wp-content/uploads/2021/10/TOPMOVERS-ZAKELIJK.jpg,1800,1200,184095,,TOPMOVERS ZAKELIJK
2021-10_TOPMOVERS3.jpg,fotos,https://www.topmovers.nl/wp-content/uploads/2021/10/TOPMOVERS3.jpg,1800,1085,257263,,TOPMOVERS3
2021-10_Top-Movers-algemeen.jpg,fotos,https://www.topmovers.nl/wp-content/uploads/2021/10/Top-Movers-algemeen.jpg,800,532,240280,Top-Movers-Algemeen,Top Movers algemeen
2021-10_Verhuur-verhuislift-verhuur-topmovers-56s.jpg,fotos,https://www.topmovers.nl/wp-content/uploads/2021/10/Verhuur-verhuislift-verhuur-topmovers-56s.jpg,1920,1280,2472853,,Verhuur-verhuislift-verhuur-topmovers-56s
2021-10_Zakelijl-rechts.jpg,fotos,https://www.topmovers.nl/wp-content/uploads/2021/10/Zakelijl-rechts.jpg,1800,1200,288046,,Zakelijl rechts
2021-10_content-08.jpg,fotos,https://www.topmovers.nl/wp-content/uploads/2021/10/content-08.jpg,800,600,96212,,content-08
2021-10_opslag-TOPMOVERS-44.jpg,fotos,https://www.topmovers.nl/wp-content/uploads/2021/10/opslag-TOPMOVERS-44.jpg,1800,1200,329075,,opslag TOPMOVERS-44
2021-10_opslag-TOPMOVERS-46.jpg,fotos,https://www.topmovers.nl/wp-content/uploads/2021/10/opslag-TOPMOVERS-46.jpg,1800,1200,504872,,opslag – TOPMOVERS-46
2021-10_opslag-TOPMOVERS-46weglogo-s.jpg,fotos,https://www.topmovers.nl/wp-content/uploads/2021/10/opslag-TOPMOVERS-46weglogo-s.jpg,1920,1280,1412900,,opslag – TOPMOVERS-46weglogo-s
2021-10_particuliere-verhuizing-1000x480-1.jpg,fotos,https://www.topmovers.nl/wp-content/uploads/2021/10/particuliere-verhuizing-1000x480-1.jpg,1000,480,63765,,particuliere-verhuizing-1000×480
2021-10_topmovers-28-header-s.jpg,fotos,https://www.topmovers.nl/wp-content/uploads/2021/10/topmovers-28-header-s.jpg,1920,1280,2288091,,topmovers-28 header-s
2021-10_topmovers-4.jpg,fotos,https://www.topmovers.nl/wp-content/uploads/2021/10/topmovers-4.jpg,1800,1200,325834,,topmovers-4
2021-10_topmovers-47-NO-NAME-vrij.jpg,fotos,https://www.topmovers.nl/wp-content/uploads/2021/10/topmovers-47-NO-NAME-vrij.jpg,1800,1200,202466,,topmovers-47 NO NAME vrij
2021-10_topmovers-47.jpg,fotos,https://www.topmovers.nl/wp-content/uploads/2021/10/topmovers-47.jpg,1800,1200,536996,,topmovers-47
2021-10_topmovers-51.jpg,fotos,https://www.topmovers.nl/wp-content/uploads/2021/10/topmovers-51.jpg,1800,1200,483236,,topmovers-51
2021-10_topmovers-66.jpg,fotos,https://www.topmovers.nl/wp-content/uploads/2021/10/topmovers-66.jpg,1800,1200,288419,,topmovers-66
2021-10_topmovers-67.jpg,fotos,https://www.topmovers.nl/wp-content/uploads/2021/10/topmovers-67.jpg,1800,1200,320795,Een verhuisspecialist van Top Movers aan het werk,topmovers-67
2021-10_topmovers-8.jpg,fotos,https://www.topmovers.nl/wp-content/uploads/2021/10/topmovers-8.jpg,1800,1200,400129,,topmovers-8
2021-10_zakelijk-verhuizen-7-image.jpg,fotos,https://www.topmovers.nl/wp-content/uploads/2021/10/zakelijk-verhuizen-7-image.jpg,675,430,72599,,zakelijk-verhuizen–7-image
2022-03_topmovers-15-e1646314367555.jpg,fotos,https://www.topmovers.nl/wp-content/uploads/2022/03/topmovers-15-e1646314367555.jpg,1080,639,122636,,topmovers-15
2022-04_Top-movers-zakelijk.png,fotos,https://www.topmovers.nl/wp-content/uploads/2022/04/Top-movers-zakelijk.png,473,461,280930,,Top-movers-zakelijk
2022-08_ezgif.com-gif-maker.jpg,fotos,https://www.topmovers.nl/wp-content/uploads/2022/08/ezgif.com-gif-maker.jpg,2000,1333,505224,,ezgif.com-gif-maker
2023-09_Duurzaamheid-header-TM-1.jpg,fotos,https://www.topmovers.nl/wp-content/uploads/2023/09/Duurzaamheid-header-TM-1.jpg,1916,808,225656,Let's Move To Zero,Duurzaamheid-header-TM
2023-09_Duurzaamheid-header-TM.jpg,fotos,https://www.topmovers.nl/wp-content/uploads/2023/09/Duurzaamheid-header-TM.jpg,1916,850,534688,,Duurzaamheid header TM
2023-09_IMG-20230906-WA0008-1.jpg,fotos,https://www.topmovers.nl/wp-content/uploads/2023/09/IMG-20230906-WA0008-1.jpg,1024,768,82825,,IMG-20230906-WA0008 (1)
2023-09_IMG-20230909-WA0004-1.jpg,fotos,https://www.topmovers.nl/wp-content/uploads/2023/09/IMG-20230909-WA0004-1.jpg,960,1706,192644,,IMG-20230909-WA0004 (1)
2025-02_Directeuren-samen.jpg,fotos,https://www.topmovers.nl/wp-content/uploads/2025/02/Directeuren-samen.jpg,1080,689,195668,,Directeuren samen
2025-02_IMG_0031.jpg,fotos,https://www.topmovers.nl/wp-content/uploads/2025/02/IMG_0031.jpg,3264,2448,3108452,Martijn en Lida,IMG_0031
2025-02_IMG_0045.jpg,fotos,https://www.topmovers.nl/wp-content/uploads/2025/02/IMG_0045.jpg,3264,2448,3440362,,IMG_0045
2025-02_IMG_0214.jpg,fotos,https://www.topmovers.nl/wp-content/uploads/2025/02/IMG_0214.jpg,1080,810,342714,Schoolverhuizing met Gecodeerde kratten en kisten,IMG_0214
2025-04_BH-header.jpg,fotos,https://www.topmovers.nl/wp-content/uploads/2025/04/BH-header.jpg,1536,1024,525330,Projectverhuizing en bedrijfsverhuizing,
2025-04_Snel-en-efficient-laden.jpg,fotos,https://www.topmovers.nl/wp-content/uploads/2025/04/Snel-en-efficient-laden.jpg,1200,1600,372336,Snel en efficiënt laden,Snel en efficiënt laden
2025-06_facilitair-regisseur.jpg,fotos,https://www.topmovers.nl/wp-content/uploads/2025/06/facilitair-regisseur.jpg,1920,1003,333729,facilitair regisseur bij projectverhuizingen,facilitair regisseur
2025-09_IMG_0179.jpg,fotos,https://www.topmovers.nl/wp-content/uploads/2025/09/IMG_0179.jpg,3264,2448,5294956,Top Movers verhuist het Grafisch Lyceum Rotterdam,IMG_0179
2025-09_IMG_0207.jpg,fotos,https://www.topmovers.nl/wp-content/uploads/2025/09/IMG_0207.jpg,3264,2448,3584398,Top Movers verhuisde afgelopen maand het Grafisch Lyceum Rotterdam naar een tijdelijke locatie,IMG_0207
2025-09_kardex1.jpg,fotos,https://www.topmovers.nl/wp-content/uploads/2025/09/kardex1.jpg,3208,1735,696126,Hoe combineer je de verhuizing van Paternoster en Kardex Remstar lades op zo’n manier dat bedrijfsprocessen niet tot stilstand komen?,kardex1
2025-09_lachen.jpg,fotos,https://www.topmovers.nl/wp-content/uploads/2025/09/lachen.jpg,3024,4032,2071616,Kardex verhuizen,Kardex verhuizen
2025-10_vrachtwagen.jpg,fotos,https://www.topmovers.nl/wp-content/uploads/2025/10/vrachtwagen.jpg,4032,3024,2183661,SDG 9 bij Top Movers: innovatie die u merkt,vrachtwagen
2025-11_Top-Movers-EV2-2-kopie.webp,fotos,https://www.topmovers.nl/wp-content/uploads/2025/11/Top-Movers-EV2-2-kopie.webp,1026,543,93424,,Top-Movers-EV2 2 kopie
2025-11_TopMovers-mannen-header-groot.jpeg,fotos,https://www.topmovers.nl/wp-content/uploads/2025/11/TopMovers-mannen-header-groot.jpeg,1280,861,250215,,TopMovers-mannen header groot
2025-11_TopMovers-mannen-header2-groot.jpeg,fotos,https://www.topmovers.nl/wp-content/uploads/2025/11/TopMovers-mannen-header2-groot.jpeg,1280,861,346958,,TopMovers-mannen header2 groot
2025-11_TopMovers-mannen-header3-groot.jpeg,fotos,https://www.topmovers.nl/wp-content/uploads/2025/11/TopMovers-mannen-header3-groot.jpeg,1280,861,281175,,TopMovers-mannen header3 groot
2025-12_Alkmaar-1-scaled-1.jpg,fotos,https://www.topmovers.nl/wp-content/uploads/2025/12/Alkmaar-1-scaled-1.jpg,2560,1920,618064,,Alkmaar-1-scaled
2025-12_Alkmaar2-scaled-1.jpg,fotos,https://www.topmovers.nl/wp-content/uploads/2025/12/Alkmaar2-scaled-1.jpg,2560,1920,544956,,Alkmaar2-scaled
2025-12_CC.jpg,fotos,https://www.topmovers.nl/wp-content/uploads/2025/12/CC.jpg,1920,1058,633618,,CC
2025-12_Electric-truck-topmovers-TM-small.png,fotos,https://www.topmovers.nl/wp-content/uploads/2025/12/Electric-truck-topmovers-TM-small.png,600,450,208425,,Electric truck topmovers TM small
2025-12_Electric-truck-topmovers-TM-small2.png,fotos,https://www.topmovers.nl/wp-content/uploads/2025/12/Electric-truck-topmovers-TM-small2.png,800,587,726117,,Electric truck topmovers TM small2
2025-12_GLR2.jpg,fotos,https://www.topmovers.nl/wp-content/uploads/2025/12/GLR2.jpg,1920,1079,732027,,Screenshot
2025-12_TM-groen-track-header.jpg,fotos,https://www.topmovers.nl/wp-content/uploads/2025/12/TM-groen-track-header.jpg,1920,1440,959201,verhuizen in Aalsmeer,TM groen track header
2025-12_belastingvoordeel-bij-zakelijk-verhuizen-scaled-1.jpg,fotos,https://www.topmovers.nl/wp-content/uploads/2025/12/belastingvoordeel-bij-zakelijk-verhuizen-scaled-1.jpg,2560,1920,904058,,belastingvoordeel-bij-zakelijk-verhuizen-scaled
2025-12_header-verhuisdozen.jpg,fotos,https://www.topmovers.nl/wp-content/uploads/2025/12/header-verhuisdozen.jpg,1920,1180,651902,Verhuizen in Aa en Hunze,header verhuisdozen
2026-01_lets-move-to-zero.png,fotos,https://www.topmovers.nl/wp-content/uploads/2026/01/lets-move-to-zero.png,3077,1726,8191233,Lets move to zero,lets-move-to-zero
2026-02_Handyman2.jpg,fotos,https://www.topmovers.nl/wp-content/uploads/2026/02/Handyman2.jpg,1920,732,204534,,Handyman2
2026-03_TopMovers_CTWC_12september2023-9.jpg,fotos,https://www.topmovers.nl/wp-content/uploads/2026/03/TopMovers_CTWC_12september2023-9.jpg,4000,6000,14273919,,TopMovers_CTWC_12september2023-9
2026-07_downtime-zero-1.webp,fotos,https://www.topmovers.nl/wp-content/uploads/2026/07/downtime-zero-1.webp,1372,623,99720,,downtime zero
2026-07_downtime-zero.webp,fotos,https://www.topmovers.nl/wp-content/uploads/2026/07/downtime-zero.webp,1460,817,127620,,downtime zero
2026-08_TopMovers-header1.webp,fotos,https://www.topmovers.nl/wp-content/uploads/2026/08/TopMovers-header1.webp,1980,1105,667820,,TopMovers header1
2026-08_TopMovers-header11.webp,fotos,https://www.topmovers.nl/wp-content/uploads/2026/08/TopMovers-header11.webp,1954,1043,623006,,TopMovers header11
2026-08_header-tm.webp,fotos,https://www.topmovers.nl/wp-content/uploads/2026/08/header-tm.webp,1980,661,661416,,header tm
2026-08_header-tm2.webp,fotos,https://www.topmovers.nl/wp-content/uploads/2026/08/header-tm2.webp,1226,661,412028,,header tm2
2026-08_tm-header-3.webp,fotos,https://www.topmovers.nl/wp-content/uploads/2026/08/tm-header-3.webp,1916,1009,969028,,tm header 3
2021-09_home-vanriemsdijk-gevel-e1520500044127.jpg,fotos-leden,https://www.topmovers.nl/wp-content/uploads/2021/09/home-vanriemsdijk-gevel-e1520500044127.jpg,897,510,97894,,home-vanriemsdijk-gevel-e1520500044127
2021-10_1394159_227902814044241_777638590_n.jpg,fotos-leden,https://www.topmovers.nl/wp-content/uploads/2021/10/1394159_227902814044241_777638590_n.jpg,960,720,100420,,1394159_227902814044241_777638590_n
2021-10_1zorgeloos-verhuizen-met-ter-haar-verhuizingen-20-header-1024x404-1.jpg,fotos-leden,https://www.topmovers.nl/wp-content/uploads/2021/10/1zorgeloos-verhuizen-met-ter-haar-verhuizingen-20-header-1024x404-1.jpg,752,404,152973,,zorgeloos-verhuizen-met-ter-haar-verhuizingen-20-header-1024×404
2021-10_Boudesteijn-Top-movers.jpg,fotos-leden,https://www.topmovers.nl/wp-content/uploads/2021/10/Boudesteijn-Top-movers.jpg,1600,1200,275215,,Boudesteijn-Top-movers
2021-10_Geijtwenbeek-Top_movers.jpg,fotos-leden,https://www.topmovers.nl/wp-content/uploads/2021/10/Geijtwenbeek-Top_movers.jpg,800,600,269097,,Geijtwenbeek-Top_movers
2021-10_Harrie-van-Erp-Top-movers-oss.jpg,fotos-leden,https://www.topmovers.nl/wp-content/uploads/2021/10/Harrie-van-Erp-Top-movers-oss.jpg,800,600,237004,,Harrie-van-Erp-Top-movers-oss
2021-10_Holwerda-top-movers-almere.jpg,fotos-leden,https://www.topmovers.nl/wp-content/uploads/2021/10/Holwerda-top-movers-almere.jpg,800,600,155934,,Holwerda-top-movers-almere
2021-10_Stoof-Top-Movers-Breda-Verhuizingen.jpg,fotos-leden,https://www.topmovers.nl/wp-content/uploads/2021/10/Stoof-Top-Movers-Breda-Verhuizingen.jpg,1200,1002,215805,,Stoof-Top-Movers-Breda-Verhuizingen
2021-10_Topmover-1.jpg,fotos-leden,https://www.topmovers.nl/wp-content/uploads/2021/10/Topmover-1.jpg,1600,1200,241131,,Topmover-1
2021-10_Van-Riemsdiijk-Top-Movers.jpg,fotos-leden,https://www.topmovers.nl/wp-content/uploads/2021/10/Van-Riemsdiijk-Top-Movers.jpg,770,530,240483,,Van-Riemsdiijk-Top-Movers
2021-10_Van-Rooyen-Top-Movers-1.jpg,fotos-leden,https://www.topmovers.nl/wp-content/uploads/2021/10/Van-Rooyen-Top-Movers-1.jpg,800,533,325229,,Van-Rooyen-Top-Movers
2021-10_Van-Rooyen.jpg,fotos-leden,https://www.topmovers.nl/wp-content/uploads/2021/10/Van-Rooyen.jpg,800,533,91317,,Van-Rooyen
2021-10_Van-der-Ent-top-movers.jpg,fotos-leden,https://www.topmovers.nl/wp-content/uploads/2021/10/Van-der-Ent-top-movers.jpg,960,720,246658,,Van-der-Ent- top-movers
2021-10_Vlotweg-Top_movers.jpg,fotos-leden,https://www.topmovers.nl/wp-content/uploads/2021/10/Vlotweg-Top_movers.jpg,1600,1200,673450,,Vlotweg-Top_movers
2021-10_top-movers-eindhoven.jpg,fotos-leden,https://www.topmovers.nl/wp-content/uploads/2021/10/top-movers-eindhoven.jpg,744,453,57553,,top-movers-eindhoven
2021-10_top-movers-leeuwarden.jpg,fotos-leden,https://www.topmovers.nl/wp-content/uploads/2021/10/top-movers-leeuwarden.jpg,472,242,25934,,top-movers-leeuwarden
2021-10_zorgeloos-verhuizen-met-ter-haar-TM-verhuizingen-20-header-1024x404-1.jpg,fotos-leden,https://www.topmovers.nl/wp-content/uploads/2021/10/zorgeloos-verhuizen-met-ter-haar-TM-verhuizingen-20-header-1024x404-1.jpg,1024,404,195492,,zorgeloos-verhuizen-met-ter-haar-verhuizingen-20-header-1024×404
2021-10_zorgeloos-verhuizen-met-ter-haar-verhuizingen-20-header.jpg,fotos-leden,https://www.topmovers.nl/wp-content/uploads/2021/10/zorgeloos-verhuizen-met-ter-haar-verhuizingen-20-header.jpg,2560,1009,353531,,zorgeloos-verhuizen-met-ter-haar-verhuizingen–20-header
2022-08_Naamloos-2.jpg,fotos-leden,https://www.topmovers.nl/wp-content/uploads/2022/08/Naamloos-2.jpg,1456,627,382561,,Naamloos-2
2025-02_IMG_0034.jpg,fotos-leden,https://www.topmovers.nl/wp-content/uploads/2025/02/IMG_0034.jpg,3264,2448,2847890,Top Movers Verhuizers Mijdrecht,IMG_0034
2025-02_jielis-en-Ewald.jpg,fotos-leden,https://www.topmovers.nl/wp-content/uploads/2025/02/jielis-en-Ewald.jpg,1080,635,203372,Jielis en Ewald van Top Mover P.A. van Rooyen,jielis en Ewald
2021-09_map-nederland.png,graphics,https://www.topmovers.nl/wp-content/uploads/2021/09/map-nederland.png,1227,1425,51453,,map-nederland
2021-10_FB-1200x1800-TM-corporate-ad-4.jpg,graphics,https://www.topmovers.nl/wp-content/uploads/2021/10/FB-1200x1800-TM-corporate-ad-4.jpg,1200,1798,958625,,FB 1200×1800 TM corporate ad-4
2021-10_Schermafbeelding-2021-09-30-om-16.50.41.jpg,graphics,https://www.topmovers.nl/wp-content/uploads/2021/10/Schermafbeelding-2021-09-30-om-16.50.41.jpg,1692,1800,225808,,Schermafbeelding 2021-09-30 om 16.50.41
2021-10_bedrijf.jpg,graphics,https://www.topmovers.nl/wp-content/uploads/2021/10/bedrijf.jpg,1195,1498,216866,,bedrijf
2021-10_verhuizingen.jpg,graphics,https://www.topmovers.nl/wp-content/uploads/2021/10/verhuizingen.jpg,1195,1498,196180,,verhuizingen
2022-08_Uitnodiging-van-der-ent-100-.jpg,graphics,https://www.topmovers.nl/wp-content/uploads/2022/08/Uitnodiging-van-der-ent-100-.jpg,1060,1500,472716,,Uitnodiging-van-der-ent-100-
2022-10_Afbeelding-September-actie.jpg,graphics,https://www.topmovers.nl/wp-content/uploads/2022/10/Afbeelding-September-actie.jpg,1336,1193,212864,,Afbeelding September actie
2023-01_TM-adv-1080-Linkedin.jpg,graphics,https://www.topmovers.nl/wp-content/uploads/2023/01/TM-adv-1080-Linkedin.jpg,1080,1080,817706,,TM adv 1080 Linkedin
2023-04_Footprint.jpg,graphics,https://www.topmovers.nl/wp-content/uploads/2023/04/Footprint.jpg,460,818,106412,,Footprint
2023-09_ambitie2Tekengebied-1@4x.png,graphics,https://www.topmovers.nl/wp-content/uploads/2023/09/ambitie2Tekengebied-1@4x.png,3091,855,182967,,ambitie2Tekengebied 1@4x
2023-09_ambitie3Tekengebied-1@4x.png,graphics,https://www.topmovers.nl/wp-content/uploads/2023/09/ambitie3Tekengebied-1@4x.png,230,326,25449,,ambitie3Tekengebied 1@4x
2023-09_ambitieTekengebied-1-80.jpg,graphics,https://www.topmovers.nl/wp-content/uploads/2023/09/ambitieTekengebied-1-80.jpg,774,215,715228,,ambitieTekengebied 1-80
2023-09_blok2Tekengebied-1@4x.png,graphics,https://www.topmovers.nl/wp-content/uploads/2023/09/blok2Tekengebied-1@4x.png,1912,472,43602,,blok2Tekengebied 1@4x
2023-09_duurzame-dozen.jpg,graphics,https://www.topmovers.nl/wp-content/uploads/2023/09/duurzame-dozen.jpg,826,611,166001,,duurzame dozen
2023-09_middenblok.png,graphics,https://www.topmovers.nl/wp-content/uploads/2023/09/middenblok.png,92,163,9708,,middenblok
2023-10_middenTekengebied-1@4x-100-1.jpg,graphics,https://www.topmovers.nl/wp-content/uploads/2023/10/middenTekengebied-1@4x-100-1.jpg,3042,820,59641,,middenTekengebied 1@4x-100
2023-10_middenTekengebied-1@4x-100.jpg,graphics,https://www.topmovers.nl/wp-content/uploads/2023/10/middenTekengebied-1@4x-100.jpg,3042,820,1002781,,middenTekengebied 1@4x-100
2023-12_addendum.jpg,graphics,https://www.topmovers.nl/wp-content/uploads/2023/12/addendum.jpg,1195,1498,234070,,addendum
2023-12_checklist-nl.jpg,graphics,https://www.topmovers.nl/wp-content/uploads/2023/12/checklist-nl.jpg,1195,1498,330298,,checklist-nl
2023-12_checklist.jpg,graphics,https://www.topmovers.nl/wp-content/uploads/2023/12/checklist.jpg,1195,1498,322136,,checklist
2024-04_cirkel.png,graphics,https://www.topmovers.nl/wp-content/uploads/2024/04/cirkel.png,776,578,168140,,cirkel
2024-04_tabel.png,graphics,https://www.topmovers.nl/wp-content/uploads/2024/04/tabel.png,814,1514,376116,,tabel
2025-03_Cirkeldiagram.jpeg,graphics,https://www.topmovers.nl/wp-content/uploads/2025/03/Cirkeldiagram.jpeg,256,376,19865,,Screenshot
2025-04_BH.png,graphics,https://www.topmovers.nl/wp-content/uploads/2025/04/BH.png,600,250,130899,"Een goede voorbereiding is het halve werk Top Movers gaat zelfs nog een stap verder: een goede voorbereiding staat gelijk aan 90% van het succes in de afronding. Want als alles op voorhand klopt, volgt de uitvoering vrijwel automatisch. Gaat u zakelijk verhuizen? Dan is het essentieel om een professioneel verhuisbedrijf in te schakelen dat niet alleen uitvoert, maar ook meedenkt en ontzorgt.","Een goede voorbereiding is het halve werk Top Movers gaat zelfs nog een stap verder: een goede voorbereiding staat gelijk aan 90% van het succes in de afronding. Want als alles op voorhand klopt, volgt de uitvoering vrijwel automatisch. Gaat u zakelijk verhuizen? Dan is het essentieel om een professioneel verhuisbedrijf in te schakelen dat niet alleen uitvoert, maar ook meedenkt en ontzorgt."
2025-04_Kolom-e1743588418805.png,graphics,https://www.topmovers.nl/wp-content/uploads/2025/04/Kolom-e1743588418805.png,410,741,118408,,Kolom
2025-06_CO2-Prestatieladder-handboek-3.1-naar-handboek-4.0-1-kopie-3-2048x1812-1.webp,graphics,https://www.topmovers.nl/wp-content/uploads/2025/06/CO2-Prestatieladder-handboek-3.1-naar-handboek-4.0-1-kopie-3-2048x1812-1.webp,2048,1812,49468,Verhuizen met impact CO₂-Prestatieladder Trede 1 t/m 4 (voorheen niveau 3-5),CO2-Prestatieladder-handboek-3.1-naar-handboek-4.0-1-kopie-3-2048×1812
2025-07_beveiliging.png,graphics,https://www.topmovers.nl/wp-content/uploads/2025/07/beveiliging.png,1920,1003,166598,Cybersecurity bij Top Movers Veilig verhuizen in een digitale wereld,beveiliging
2025-10_TM-post-Next-level.jpg,graphics,https://www.topmovers.nl/wp-content/uploads/2025/10/TM-post-Next-level.jpg,1920,1003,835354,Next Level samenwerken. De kracht van het Top Movers netwerk!,TM post Next level
2025-12_TM-post-CERTIFICAAT-5.png,graphics,https://www.topmovers.nl/wp-content/uploads/2025/12/TM-post-CERTIFICAAT-5.png,1920,1003,65175,,TM post CERTIFICAAT-5
2025-12_ziekenhuis.jpg,graphics,https://www.topmovers.nl/wp-content/uploads/2025/12/ziekenhuis.jpg,1920,1440,936671,,ziekenhuis
2026-02_Handyman.jpg,graphics,https://www.topmovers.nl/wp-content/uploads/2026/02/Handyman.jpg,1920,1003,332171,Handy Man Service bij Top Movers: zorgeloos verhuizen tot in de puntjes geregeld,Handyman
2026-03_MVO-TM.png,graphics,https://www.topmovers.nl/wp-content/uploads/2026/03/MVO-TM.png,398,702,131031,,MVO TM
2026-03_scope.png,graphics,https://www.topmovers.nl/wp-content/uploads/2026/03/scope.png,246,376,45677,,scope
2026-04_TM-LMTZ.webp,graphics,https://www.topmovers.nl/wp-content/uploads/2026/04/TM-LMTZ.webp,1920,1101,94024,Let's Move To Zero,TM LMTZ
2026-05_Show-dont-tell.webp,graphics,https://www.topmovers.nl/wp-content/uploads/2026/05/Show-dont-tell.webp,1920,1047,239928,Top Movers,"Show, don’t tell"
2026-06_7-stappenboek-TM.webp,graphics,https://www.topmovers.nl/wp-content/uploads/2026/06/7-stappenboek-TM.webp,1920,1072,316262,,7 stappenboek TM
2026-07_Zero-downtime-verhuizen.webp,graphics,https://www.topmovers.nl/wp-content/uploads/2026/07/Zero-downtime-verhuizen.webp,600,314,55368,,Zero downtime verhuizen
2026-08_elektrische-truck.png,graphics,https://www.topmovers.nl/wp-content/uploads/2026/08/elektrische-truck.png,897,654,498052,,elektrische truck
2026-08_lets-move-to-zero-air.jpg,graphics,https://www.topmovers.nl/wp-content/uploads/2026/08/lets-move-to-zero-air.jpg,1920,641,222121,,let’s move to zero – air
2026-08_lets-move-to-zero-header.jpg,graphics,https://www.topmovers.nl/wp-content/uploads/2026/08/lets-move-to-zero-header.jpg,1916,582,359057,,let’s move to zero header
2026-08_lets-move-to-zero-header3.webp,graphics,https://www.topmovers.nl/wp-content/uploads/2026/08/lets-move-to-zero-header3.webp,1916,808,277898,,let’s move to zero header3
2026-08_lets-move-to-zero-header4.webp,graphics,https://www.topmovers.nl/wp-content/uploads/2026/08/lets-move-to-zero-header4.webp,1916,808,223306,,let’s move to zero header4
2021-09_7-SDGs.svg,iconen,https://www.topmovers.nl/wp-content/uploads/2021/09/7-SDGs.svg,,,81661,,
2021-09_Cleanservice.svg,iconen,https://www.topmovers.nl/wp-content/uploads/2021/09/Cleanservice.svg,,,1053,,Opleverdienst
2021-09_Facilitaire-diensten-1.svg,iconen,https://www.topmovers.nl/wp-content/uploads/2021/09/Facilitaire-diensten-1.svg,,,1291,,Facilitaire dienstverlening
2021-09_Facilitaire-diensten.svg,iconen,https://www.topmovers.nl/wp-content/uploads/2021/09/Facilitaire-diensten.svg,,,1291,,Facilitaire diensten
2021-09_MVO-1.svg,iconen,https://www.topmovers.nl/wp-content/uploads/2021/09/MVO-1.svg,,,1760,,MVO
2021-09_MVO.svg,iconen,https://www.topmovers.nl/wp-content/uploads/2021/09/MVO.svg,,,1713,,MVO
2021-09_Partner-van-CC-bovenin-1.svg,iconen,https://www.topmovers.nl/wp-content/uploads/2021/09/Partner-van-CC-bovenin-1.svg,,,14627,,
2021-09_Partner-van-CC-onderin.svg,iconen,https://www.topmovers.nl/wp-content/uploads/2021/09/Partner-van-CC-onderin.svg,,,11395,,
2021-09_arrowtooltip.png,iconen,https://www.topmovers.nl/wp-content/uploads/2021/09/arrowtooltip.png,63,90,547,,arrowtooltip
2021-09_beheer-opslag-1.svg,iconen,https://www.topmovers.nl/wp-content/uploads/2021/09/beheer-opslag-1.svg,,,1801,,beheer opslag
2021-09_beheer-opslag-2.svg,iconen,https://www.topmovers.nl/wp-content/uploads/2021/09/beheer-opslag-2.svg,,,1801,,Opslag en beheer
2021-09_beheer-opslag.svg,iconen,https://www.topmovers.nl/wp-content/uploads/2021/09/beheer-opslag.svg,,,1801,,beheer opslag
2021-09_co2-neutraal.svg,iconen,https://www.topmovers.nl/wp-content/uploads/2021/09/co2-neutraal.svg,,,1977,,co2 neutraal
2021-09_cropped-arrowtooltip.png,iconen,https://www.topmovers.nl/wp-content/uploads/2021/09/cropped-arrowtooltip.png,512,512,21662,,cropped-arrowtooltip.png
2021-09_handyman-1.svg,iconen,https://www.topmovers.nl/wp-content/uploads/2021/09/handyman-1.svg,,,1109,,Handyman service
2021-09_handyman.svg,iconen,https://www.topmovers.nl/wp-content/uploads/2021/09/handyman.svg,,,1109,,Montageservice
2021-09_ict-diensten-1.svg,iconen,https://www.topmovers.nl/wp-content/uploads/2021/09/ict-diensten-1.svg,,,1017,,ICT-verhuisservice
2021-09_ict-diensten.svg,iconen,https://www.topmovers.nl/wp-content/uploads/2021/09/ict-diensten.svg,,,1017,,ICT-verhuizing en installatie
2021-09_in-uitpakken-1.svg,iconen,https://www.topmovers.nl/wp-content/uploads/2021/09/in-uitpakken-1.svg,,,2301,,Verhuismaterialen huren
2021-09_inboedel-opslag.svg,iconen,https://www.topmovers.nl/wp-content/uploads/2021/09/inboedel-opslag.svg,,,993,,Inboedelopslag
2021-09_internationaal.svg,iconen,https://www.topmovers.nl/wp-content/uploads/2021/09/internationaal.svg,,,1174,,Internationale verhuizing
2021-09_kunstverhuizen.svg,iconen,https://www.topmovers.nl/wp-content/uploads/2021/09/kunstverhuizen.svg,,,1452,,Kunst verhuizen
2021-09_meubelmontage2.svg,iconen,https://www.topmovers.nl/wp-content/uploads/2021/09/meubelmontage2.svg,,,1362,,Montageservice
2021-09_opslag-archief.svg,iconen,https://www.topmovers.nl/wp-content/uploads/2021/09/opslag-archief.svg,,,2293,,Archiefopslag en beheer
2021-09_opslag2.svg,iconen,https://www.topmovers.nl/wp-content/uploads/2021/09/opslag2.svg,,,987,,Opslag
2021-09_projectmanagement.svg,iconen,https://www.topmovers.nl/wp-content/uploads/2021/09/projectmanagement.svg,,,1164,,Projectmanagement
2021-09_right-arrow.svg,iconen,https://www.topmovers.nl/wp-content/uploads/2021/09/right-arrow.svg,,,713,,right-arrow
2021-09_score.svg,iconen,https://www.topmovers.nl/wp-content/uploads/2021/09/score.svg,,,10070,,score
2021-09_verhuislift-1.svg,iconen,https://www.topmovers.nl/wp-content/uploads/2021/09/verhuislift-1.svg,,,724,,Verhuislift
2021-09_verhuisservice-1.svg,iconen,https://www.topmovers.nl/wp-content/uploads/2021/09/verhuisservice-1.svg,,,1715,,Verhuisservice
2021-09_verhuisservice-meubel.svg,iconen,https://www.topmovers.nl/wp-content/uploads/2021/09/verhuisservice-meubel.svg,,,2519,,Meubeltransport
2021-09_verhuisservice-school.svg,iconen,https://www.topmovers.nl/wp-content/uploads/2021/09/verhuisservice-school.svg,,,2249,,Onderwijsinstellingen
2021-09_verhuisservice-zorg.svg,iconen,https://www.topmovers.nl/wp-content/uploads/2021/09/verhuisservice-zorg.svg,,,2601,,Zorginstellingen
2021-09_verhuisservice.svg,iconen,https://www.topmovers.nl/wp-content/uploads/2021/09/verhuisservice.svg,,,1715,,Verhuisservice
2021-10_letsmove.svg,iconen,https://www.topmovers.nl/wp-content/uploads/2021/10/letsmove.svg,,,25543,,letsmove
2021-10_pin1-1.svg,iconen,https://www.topmovers.nl/wp-content/uploads/2021/10/pin1-1.svg,,,222,,pin1.svg
2023-09_ambitieTekengebied-1-1.svg,iconen,https://www.topmovers.nl/wp-content/uploads/2023/09/ambitieTekengebied-1-1.svg,,,13791,,ambitieTekengebied 1
2023-09_ambitieTekengebied-1.svg,iconen,https://www.topmovers.nl/wp-content/uploads/2023/09/ambitieTekengebied-1.svg,,,300994,,ambitieTekengebied 1
2023-09_bespaarTekengebied-1.svg,iconen,https://www.topmovers.nl/wp-content/uploads/2023/09/bespaarTekengebied-1.svg,,,37024,,bespaarTekengebied 1
2023-09_bijTekengebied-1.svg,iconen,https://www.topmovers.nl/wp-content/uploads/2023/09/bijTekengebied-1.svg,,,58123,,bijTekengebied 1
2023-09_blokTekengebied-1.svg,iconen,https://www.topmovers.nl/wp-content/uploads/2023/09/blokTekengebied-1.svg,,,37029,,blokTekengebied 1
2023-09_initiatief2Tekengebied-1.svg,iconen,https://www.topmovers.nl/wp-content/uploads/2023/09/initiatief2Tekengebied-1.svg,,,76501,,initiatief2Tekengebied 1
2023-09_initiatief3Tekengebied-1.svg,iconen,https://www.topmovers.nl/wp-content/uploads/2023/09/initiatief3Tekengebied-1.svg,,,129780,,initiatief3Tekengebied 1
2023-09_initiatiefTekengebied-1.svg,iconen,https://www.topmovers.nl/wp-content/uploads/2023/09/initiatiefTekengebied-1.svg,,,111837,,initiatiefTekengebied 1
2023-09_lets-goTekengebied-1.svg,iconen,https://www.topmovers.nl/wp-content/uploads/2023/09/lets-goTekengebied-1.svg,,,43604,,lets goTekengebied 1
2023-09_tuTekengebied-1.svg,iconen,https://www.topmovers.nl/wp-content/uploads/2023/09/tuTekengebied-1.svg,,,18514,,tuTekengebied 1
2025-11_1.svg,iconen,https://www.topmovers.nl/wp-content/uploads/2025/11/1.svg,,,3546,,1
2025-11_1Tekengebied-1-1.svg,iconen,https://www.topmovers.nl/wp-content/uploads/2025/11/1Tekengebied-1-1.svg,,,5618,,1Tekengebied 1
2025-11_1Tekengebied-1-kopie-1.svg,iconen,https://www.topmovers.nl/wp-content/uploads/2025/11/1Tekengebied-1-kopie-1.svg,,,5787,,1Tekengebied 1 kopie
2025-11_1Tekengebied-1-kopie-2-1.svg,iconen,https://www.topmovers.nl/wp-content/uploads/2025/11/1Tekengebied-1-kopie-2-1.svg,,,5339,,1Tekengebied 1 kopie 2
2025-11_1Tekengebied-1-kopie-2.svg,iconen,https://www.topmovers.nl/wp-content/uploads/2025/11/1Tekengebied-1-kopie-2.svg,,,7658,,1Tekengebied 1 kopie 2
2025-11_1Tekengebied-1-kopie-3-1.svg,iconen,https://www.topmovers.nl/wp-content/uploads/2025/11/1Tekengebied-1-kopie-3-1.svg,,,4740,,1Tekengebied 1 kopie 3
2025-11_1Tekengebied-1-kopie-3.svg,iconen,https://www.topmovers.nl/wp-content/uploads/2025/11/1Tekengebied-1-kopie-3.svg,,,9978,,1Tekengebied 1 kopie 3
2025-11_1Tekengebied-1-kopie-4-1.svg,iconen,https://www.topmovers.nl/wp-content/uploads/2025/11/1Tekengebied-1-kopie-4-1.svg,,,5221,,1Tekengebied 1 kopie 4
2025-11_1Tekengebied-1-kopie-4.svg,iconen,https://www.topmovers.nl/wp-content/uploads/2025/11/1Tekengebied-1-kopie-4.svg,,,5349,,1Tekengebied 1 kopie 4
2025-11_1Tekengebied-1-kopie-5-1.svg,iconen,https://www.topmovers.nl/wp-content/uploads/2025/11/1Tekengebied-1-kopie-5-1.svg,,,4368,,1Tekengebied 1 kopie 5
2025-11_1Tekengebied-1-kopie-5.svg,iconen,https://www.topmovers.nl/wp-content/uploads/2025/11/1Tekengebied-1-kopie-5.svg,,,47339,,1Tekengebied 1 kopie 5
2025-11_1Tekengebied-1-kopie.svg,iconen,https://www.topmovers.nl/wp-content/uploads/2025/11/1Tekengebied-1-kopie.svg,,,3854,,1Tekengebied 1 kopie
2025-11_1Tekengebied-1.svg,iconen,https://www.topmovers.nl/wp-content/uploads/2025/11/1Tekengebied-1.svg,,,4556,,1Tekengebied 1
2025-11_BIJ-en-hexagon-1.svg,iconen,https://www.topmovers.nl/wp-content/uploads/2025/11/BIJ-en-hexagon-1.svg,,,20431,,BIJ en hexagon
2025-11_BIJ-en-hexagon.svg,iconen,https://www.topmovers.nl/wp-content/uploads/2025/11/BIJ-en-hexagon.svg,,,26890,,BIJ en hexagon
2025-11_Bij-en-stippellijn.svg,iconen,https://www.topmovers.nl/wp-content/uploads/2025/11/Bij-en-stippellijn.svg,,,13833,,Bij-en-stippellijn
2025-11_Partner-van-CC-bovenin.svg,iconen,https://www.topmovers.nl/wp-content/uploads/2025/11/Partner-van-CC-bovenin.svg,,,14780,,Partner-van-CC-bovenin
2025-11_Pijl-1.svg,iconen,https://www.topmovers.nl/wp-content/uploads/2025/11/Pijl-1.svg,,,383,,Pijl
2025-11_Pijl.svg,iconen,https://www.topmovers.nl/wp-content/uploads/2025/11/Pijl.svg,,,244,,Pijl
2025-11_Pijltje.svg,iconen,https://www.topmovers.nl/wp-content/uploads/2025/11/Pijltje.svg,,,394,,Pijltje
2025-11_aanpakkers.svg,iconen,https://www.topmovers.nl/wp-content/uploads/2025/11/aanpakkers.svg,,,7987,,aanpakkers
2025-11_home.svg,iconen,https://www.topmovers.nl/wp-content/uploads/2025/11/home.svg,,,635,,home
2025-11_witte-pijl.svg,iconen,https://www.topmovers.nl/wp-content/uploads/2025/11/witte-pijl.svg,,,1008,,witte pijl
2025-11_zakelijk.svg,iconen,https://www.topmovers.nl/wp-content/uploads/2025/11/zakelijk.svg,,,1059,,zakelijk
2021-09_20170912160852_CliniClowns400x300.webp,logos-certificaten,https://www.topmovers.nl/wp-content/uploads/2021/09/20170912160852_CliniClowns400x300.webp,400,300,18394,,20170912160852_CliniClowns400x300
2021-09_Erkende-project-verhuizers.png,logos-certificaten,https://www.topmovers.nl/wp-content/uploads/2021/09/Erkende-project-verhuizers.png,400,200,15224,,
2021-09_Erkende-verhuizers-1.png,logos-certificaten,https://www.topmovers.nl/wp-content/uploads/2021/09/Erkende-verhuizers-1.png,400,200,12315,,
2021-09_TOP-MOVERS-LOGO-RGB.png,logos-certificaten,https://www.topmovers.nl/wp-content/uploads/2021/09/TOP-MOVERS-LOGO-RGB.png,813,387,8959,,TOP-MOVERS-LOGO-RGB
2021-09_TOP-MOVERS-LOGO-wit.png,logos-certificaten,https://www.topmovers.nl/wp-content/uploads/2021/09/TOP-MOVERS-LOGO-wit.png,813,387,9978,,TOP-MOVERS-LOGO-wit
2021-09_VCA_logo_1000x569px_RGB_2.0.png,logos-certificaten,https://www.topmovers.nl/wp-content/uploads/2021/09/VCA_logo_1000x569px_RGB_2.0.png,642,303,7493,Logo van VCA certificaat van Top Movers,VCA_logo_1000x569px_RGB_2.0
2021-09_bsi-iso-14001.jpg,logos-certificaten,https://www.topmovers.nl/wp-content/uploads/2021/09/bsi-iso-14001.jpg,1272,591,131531,Top Movers werkt duurzaam met ISO 14001,bsi-iso-14001
2021-09_bsi-iso-9001.jpg,logos-certificaten,https://www.topmovers.nl/wp-content/uploads/2021/09/bsi-iso-9001.jpg,1272,591,124960,Top Movers heeft een ISO 9001 certificering,bsi-iso-9001
2021-09_co2.png,logos-certificaten,https://www.topmovers.nl/wp-content/uploads/2021/09/co2.png,309,198,9677,,
2021-09_duurzaamheidsverslag.png,logos-certificaten,https://www.topmovers.nl/wp-content/uploads/2021/09/duurzaamheidsverslag.png,525,743,280418,,
2021-09_erkende-project-verhuizers-1.png,logos-certificaten,https://www.topmovers.nl/wp-content/uploads/2021/09/erkende-project-verhuizers-1.png,283,142,4180,,
2021-09_mvo.png,logos-certificaten,https://www.topmovers.nl/wp-content/uploads/2021/09/mvo.png,379,186,12077,,
2021-09_oxfam.png,logos-certificaten,https://www.topmovers.nl/wp-content/uploads/2021/09/oxfam.png,1787,1786,27959,,oxfam
2021-09_pngwing.com_.png,logos-certificaten,https://www.topmovers.nl/wp-content/uploads/2021/09/pngwing.com_.png,1000,574,15754,,pngwing.com
2021-09_ppv-logo-png-transparent.png,logos-certificaten,https://www.topmovers.nl/wp-content/uploads/2021/09/ppv-logo-png-transparent.png,2400,2400,71150,,ppv-logo-png-transparent
2021-09_unnamed.jpg,logos-certificaten,https://www.topmovers.nl/wp-content/uploads/2021/09/unnamed.jpg,512,464,23333,,unnamed
2021-09_vca-logo-transparant.png,logos-certificaten,https://www.topmovers.nl/wp-content/uploads/2021/09/vca-logo-transparant.png,1000,451,33906,,
2021-10_De-leukste-werkplek.png,logos-certificaten,https://www.topmovers.nl/wp-content/uploads/2021/10/De-leukste-werkplek.png,364,343,43144,,De leukste werkplek
2021-11_LogoCliniclowns-x2.png,logos-certificaten,https://www.topmovers.nl/wp-content/uploads/2021/11/LogoCliniclowns-x2.png,298,98,10877,,LogoCliniclowns-x2
2022-08_Asset-1-3.png,logos-certificaten,https://www.topmovers.nl/wp-content/uploads/2022/08/Asset-1-3.png,405,155,30710,,Asset-1-3
2022-09_Gecertificeerd-ISO-14001-Kleur.png,logos-certificaten,https://www.topmovers.nl/wp-content/uploads/2022/09/Gecertificeerd-ISO-14001-Kleur.png,535,548,38997,,Gecertificeerd ISO 14001 – Kleur
2022-09_Gecertificeerd-ISO-9001-Kleur.png,logos-certificaten,https://www.topmovers.nl/wp-content/uploads/2022/09/Gecertificeerd-ISO-9001-Kleur.png,535,546,38401,Iso 9001,Gecertificeerd ISO 9001 – Kleur
2023-04_image001.png,logos-certificaten,https://www.topmovers.nl/wp-content/uploads/2023/04/image001.png,570,157,41370,,image001
2023-06_Gecertificeerd-CO2-Prestatieladder-Kleur.jpg,logos-certificaten,https://www.topmovers.nl/wp-content/uploads/2023/06/Gecertificeerd-CO2-Prestatieladder-Kleur.jpg,535,542,1000569,,Gecertificeerd CO2-Prestatieladder – Kleur
2023-09_Naamloos-1.png,logos-certificaten,https://www.topmovers.nl/wp-content/uploads/2023/09/Naamloos-1.png,400,200,10877,,Naamloos-1
2025-05_certificaten_duim_transparant.png,logos-certificaten,https://www.topmovers.nl/wp-content/uploads/2025/05/certificaten_duim_transparant.png,1920,1080,397457,,certificaten_duim_transparant
2025-05_certificaten_volledig_verspreid.png,logos-certificaten,https://www.topmovers.nl/wp-content/uploads/2025/05/certificaten_volledig_verspreid.png,1920,1080,662282,Top Movers is een gecertificeerd verhuisbedrijf.,certificaten_volledig_verspreid
2025-10_ISO-14001-Top-Movers-2024_2027.png,logos-certificaten,https://www.topmovers.nl/wp-content/uploads/2025/10/ISO-14001-Top-Movers-2024_2027.png,497,705,73768,,ISO 14001 Top Movers 2024_2027
2025-10_ISO-9001-Top-Movers-2024_2027.png,logos-certificaten,https://www.topmovers.nl/wp-content/uploads/2025/10/ISO-9001-Top-Movers-2024_2027.png,480,682,66547,,ISO 9001 Top Movers 2024_2027
2025-11_logo-co2-prestatieladder-web.jpg,logos-certificaten,https://www.topmovers.nl/wp-content/uploads/2025/11/logo-co2-prestatieladder-web.jpg,1920,1080,92644,,logo-co2-prestatieladder-web
2025-12_CClogo-TM.png,logos-certificaten,https://www.topmovers.nl/wp-content/uploads/2025/12/CClogo-TM.png,432,169,16897,,CClogo TM
2025-12_Circulair-Connect.jpg,logos-certificaten,https://www.topmovers.nl/wp-content/uploads/2025/12/Circulair-Connect.jpg,1280,558,65164,,Screenshot
2025-12_NCI-certificaat-CO2-1.png,logos-certificaten,https://www.topmovers.nl/wp-content/uploads/2025/12/NCI-certificaat-CO2-1.png,1083,1077,989990,,NCI certificaat CO2
2025-12_NCI-certificaat-CO2.png,logos-certificaten,https://www.topmovers.nl/wp-content/uploads/2025/12/NCI-certificaat-CO2.png,1212,1187,1000755,,NCI certificaat CO2
2026-08_ESG.png,logos-certificaten,https://www.topmovers.nl/wp-content/uploads/2026/08/ESG.png,650,676,64536,,ESG
2026-08_LMTZ-ster.png,logos-certificaten,https://www.topmovers.nl/wp-content/uploads/2026/08/LMTZ-ster.png,650,706,73126,,LMTZ ster
2026-08_results.png,logos-certificaten,https://www.topmovers.nl/wp-content/uploads/2026/08/results.png,650,706,49058,,results
2026-08_sdgs.png,logos-certificaten,https://www.topmovers.nl/wp-content/uploads/2026/08/sdgs.png,650,706,80311,,sdg’s
2020-11_15973283_22743_a_verhuiswinkel_verhuiszen_touch.jpg,stock,https://www.topmovers.nl/wp-content/uploads/2020/11/15973283_22743_a_verhuiswinkel_verhuiszen_touch.jpg,972,250,23340,,15973283_22743_a_verhuiswinkel_verhuiszen_touch
2021-03_erda-estremera-sxNt9g77PE0-unsplash-1-1200x480-1.jpeg,stock,https://www.topmovers.nl/wp-content/uploads/2021/03/erda-estremera-sxNt9g77PE0-unsplash-1-1200x480-1.jpeg,1200,480,37460,,erda-estremera-sxNt9g77PE0-unsplash-1-1200×480
2021-09_christina-wocintechchat-com-glRqyWJgUeY-unsplash.jpg,stock,https://www.topmovers.nl/wp-content/uploads/2021/09/christina-wocintechchat-com-glRqyWJgUeY-unsplash.jpg,2000,1335,241029,"In een tijd waarin uw digitale gegevens minstens zo waardevol zijn als uw fysieke bezittingen, is cybersecurity onmisbaar geworden",Cybersecurity bij Top Movers
2021-09_homepage.jpg,stock,https://www.topmovers.nl/wp-content/uploads/2021/09/homepage.jpg,842,450,66629,,homepage
2021-10_APAPuttenVerhuizen05-2-790x400-1.jpg,stock,https://www.topmovers.nl/wp-content/uploads/2021/10/APAPuttenVerhuizen05-2-790x400-1.jpg,790,400,41792,,APAPuttenVerhuizen05-2-790×400
2021-10_Is-het-ben-vergeten-of-heb-vergeten-272x177-1.jpg,stock,https://www.topmovers.nl/wp-content/uploads/2021/10/Is-het-ben-vergeten-of-heb-vergeten-272x177-1.jpg,272,177,7905,,Is-het-ben-vergeten-of-heb-vergeten-272×177
2021-10_canstockphoto3751227-1024x684-1.jpg,stock,https://www.topmovers.nl/wp-content/uploads/2021/10/canstockphoto3751227-1024x684-1.jpg,1024,684,77243,,canstockphoto3751227-1024×684
2021-10_forklift-835340_640.jpg,stock,https://www.topmovers.nl/wp-content/uploads/2021/10/forklift-835340_640.jpg,640,426,109015,,forklift-835340_640
2021-10_how-to-choose-moving-comapny-688x329-1.jpg,stock,https://www.topmovers.nl/wp-content/uploads/2021/10/how-to-choose-moving-comapny-688x329-1.jpg,688,329,57185,,how-to-choose-moving-comapny-688×329
2021-10_jorge-de-jorge-NvqYkDPE0Rw-unsplash-1200x480-1.jpg,stock,https://www.topmovers.nl/wp-content/uploads/2021/10/jorge-de-jorge-NvqYkDPE0Rw-unsplash-1200x480-1.jpg,1200,480,43951,,jorge-de-jorge-NvqYkDPE0Rw-unsplash-1200×480
2021-10_koelkast-verhuizen-tips.jpg,stock,https://www.topmovers.nl/wp-content/uploads/2021/10/koelkast-verhuizen-tips.jpg,1024,683,101640,,Movers Carrying Refrigerator On Steps
2021-10_luggage-1081872_1280-1200x480-1.jpg,stock,https://www.topmovers.nl/wp-content/uploads/2021/10/luggage-1081872_1280-1200x480-1.jpg,1200,480,72412,,luggage-1081872_1280-1200×480
2021-10_office-1209640_1280-1200x480-1.jpg,stock,https://www.topmovers.nl/wp-content/uploads/2021/10/office-1209640_1280-1200x480-1.jpg,1200,480,84947,,office-1209640_1280-1200×480
2021-10_office-building-1488017_640.jpg,stock,https://www.topmovers.nl/wp-content/uploads/2021/10/office-building-1488017_640.jpg,640,425,77061,,office-building-1488017_640
2021-10_running-498257_1280-1200x480-1.jpg,stock,https://www.topmovers.nl/wp-content/uploads/2021/10/running-498257_1280-1200x480-1.jpg,1200,480,103547,,running-498257_1280-1200×480
2021-10_stock-photo-hands-electrician-screwed-the-bulb-252316621.jpg,stock,https://www.topmovers.nl/wp-content/uploads/2021/10/stock-photo-hands-electrician-screwed-the-bulb-252316621.jpg,1800,1321,223605,,stock-photo-hands-electrician-screwed-the-bulb-252316621
2021-10_stock-photo-milan-april-people-look-at-paintings-dedicated-to-marilyn-monroe-paul-newman-and-john-lennon-94075882.jpg,stock,https://www.topmovers.nl/wp-content/uploads/2021/10/stock-photo-milan-april-people-look-at-paintings-dedicated-to-marilyn-monroe-paul-newman-and-john-lennon-94075882.jpg,1800,1206,271850,,stock-photo-milan-april-people-look-at-paintings-dedicated-to-marilyn-monroe-paul-newman-and-john-lennon-94075882
2021-10_stock-photo-vacuum-cleaner-and-variety-of-detergent-bottles-and-chemical-cleaning-supplies-on-the-floor-1032862978.jpg,stock,https://www.topmovers.nl/wp-content/uploads/2021/10/stock-photo-vacuum-cleaner-and-variety-of-detergent-bottles-and-chemical-cleaning-supplies-on-the-floor-1032862978.jpg,1800,998,229933,,stock-photo-vacuum-cleaner-and-variety-of-detergent-bottles-and-chemical-cleaning-supplies-on-the-floor-1032862978
2021-10_stock-photo-young-businesswoman-unpacking-cartons-in-an-empty-office-space-145731515.jpg,stock,https://www.topmovers.nl/wp-content/uploads/2021/10/stock-photo-young-businesswoman-unpacking-cartons-in-an-empty-office-space-145731515.jpg,1800,1321,259670,,stock-photo-young-businesswoman-unpacking-cartons-in-an-empty-office-space-145731515
2021-10_verhuizing-regelen.jpeg,stock,https://www.topmovers.nl/wp-content/uploads/2021/10/verhuizing-regelen.jpeg,848,565,53992,,verhuizing-regelen
2021-10_visual-stories-micheile-fJXvxovQ2Bg-unsplash-scaled-1.jpg,stock,https://www.topmovers.nl/wp-content/uploads/2021/10/visual-stories-micheile-fJXvxovQ2Bg-unsplash-scaled-1.jpg,2560,1707,762368,,visual-stories-micheile-fJXvxovQ2Bg-unsplash-scaled.jpg
2023-09_plant.jpg,stock,https://www.topmovers.nl/wp-content/uploads/2023/09/plant.jpg,1916,850,838377,,plant
2025-04_verhuizen-bij-overlijden.jpg,stock,https://www.topmovers.nl/wp-content/uploads/2025/04/verhuizen-bij-overlijden.jpg,7360,4912,3302459,,verhuizen bij overlijden
