1000	https://www.topmovers.nl/vestigingen/van-riemsdijk-verhuizingen/
1050	https://www.topmovers.nl/vestigingen/van-riemsdijk-verhuizingen/
1100	https://www.topmovers.nl/vestigingen/van-riemsdijk-verhuizingen/
1150	https://www.topmovers.nl/vestigingen/boudesteijn-verhuizers/
1200	https://www.topmovers.nl/vestigingen/van-riemsdijk-verhuizingen-2/
1250	https://www.topmovers.nl/vestigingen/van-riemsdijk-verhuizingen-2/
1300	https://www.topmovers.nl/vestigingen/holwerda-logistics/
1350	https://www.topmovers.nl/vestigingen/holwerda-logistics/
1400	https://www.topmovers.nl/vestigingen/van-riemsdijk-verhuizingen-3/
1450	https://www.topmovers.nl/vestigingen/boudesteijn-verhuizers-2/
1500	https://www.topmovers.nl/vestigingen/boudesteijn-verhuizers-2/
1550	https://www.topmovers.nl/vestigingen/boudesteijn-verhuizers-2/
1600	https://www.topmovers.nl/vestigingen/boudesteijn-verhuizers-2/
1650	https://www.topmovers.nl/vestigingen/boudesteijn-verhuizers-2/
1700	https://www.topmovers.nl/vestigingen/boudesteijn-verhuizers-2/
1750	https://www.topmovers.nl/vestigingen/boudesteijn-verhuizers-2/
1800	https://www.topmovers.nl/vestigingen/boudesteijn-verhuizers-2/
1850	https://www.topmovers.nl/vestigingen/boudesteijn-verhuizers-2/
1900	https://www.topmovers.nl/vestigingen/boudesteijn-verhuizers-2/
1950	https://www.topmovers.nl/vestigingen/boudesteijn-verhuizers-2/
2000	https://www.topmovers.nl/vestigingen/de-wit-verhuizingen/
2050	https://www.topmovers.nl/vestigingen/de-wit-verhuizingen/
2100	https://www.topmovers.nl/vestigingen/p-a-van-rooyen-4/
2150	https://www.topmovers.nl/vestigingen/p-a-van-rooyen-4/
2200	https://www.topmovers.nl/vestigingen/van-der-ent-group/
2250	https://www.topmovers.nl/vestigingen/van-der-ent-group/
2300	https://www.topmovers.nl/vestigingen/van-der-ent-group/
2350	https://www.topmovers.nl/vestigingen/van-der-ent-group/
2400	https://www.topmovers.nl/vestigingen/p-a-van-rooyen-5/
2450	https://www.topmovers.nl/vestigingen/p-a-van-rooyen-5/
2500	https://www.topmovers.nl/vestigingen/van-der-ent-group-2/
2550	https://www.topmovers.nl/vestigingen/van-der-ent-group-2/
2600	https://www.topmovers.nl/vestigingen/van-der-ent-group-2/
2650	https://www.topmovers.nl/vestigingen/van-der-ent-group-2/
2700	https://www.topmovers.nl/vestigingen/van-der-ent-group-2/
2750	https://www.topmovers.nl/vestigingen/van-der-ent-group-2/
2800	https://www.topmovers.nl/vestigingen/van-der-ent-group-2/
2850	https://www.topmovers.nl/vestigingen/van-der-ent-group-2/
2900	https://www.topmovers.nl/vestigingen/van-der-ent-group-2/
2950	https://www.topmovers.nl/vestigingen/van-der-ent-group-2/
3000	https://www.topmovers.nl/vestigingen/van-der-ent-group-2/
3050	https://www.topmovers.nl/vestigingen/van-der-ent-group-2/
3100	https://www.topmovers.nl/vestigingen/van-der-ent-group-2/
3150	https://www.topmovers.nl/vestigingen/van-der-ent-group-2/
3200	https://www.topmovers.nl/vestigingen/van-der-ent-group-2/
3250	https://www.topmovers.nl/vestigingen/van-der-ent-group-2/
3300	https://www.topmovers.nl/vestigingen/van-der-ent-group-2/
3350	https://www.topmovers.nl/vestigingen/van-der-ent-group-2/
3400	https://www.topmovers.nl/vestigingen/p-a-van-rooyen-6/
3450	https://www.topmovers.nl/vestigingen/p-a-van-rooyen-6/
3500	https://www.topmovers.nl/vestigingen/p-a-van-rooyen-6/
3550	https://www.topmovers.nl/vestigingen/p-a-van-rooyen-6/
3600	https://www.topmovers.nl/vestigingen/p-a-van-rooyen-6/
3650	https://www.topmovers.nl/vestigingen/p-a-van-rooyen-6/
3700	https://www.topmovers.nl/vestigingen/holwerda-logistics-2/
3750	https://www.topmovers.nl/vestigingen/holwerda-logistics-2/
3800	https://www.topmovers.nl/vestigingen/holwerda-logistics-2/
3850	https://www.topmovers.nl/vestigingen/holwerda-logistics-2/
3900	https://www.topmovers.nl/vestigingen/vlotweg-verhuizingen/
3950	https://www.topmovers.nl/vestigingen/p-a-van-rooyen-7/
4000	https://www.topmovers.nl/vestigingen/harrie-van-erp/
4050	https://www.topmovers.nl/vestigingen/harrie-van-erp/
4100	https://www.topmovers.nl/vestigingen/harrie-van-erp/
4150	https://www.topmovers.nl/vestigingen/harrie-van-erp/
4200	https://www.topmovers.nl/vestigingen/harrie-van-erp/
4250	https://www.topmovers.nl/vestigingen/de-bresser-verhuizingen/
4300	https://www.topmovers.nl/vestigingen/geijtenbeek-verhuizers/
4350	https://www.topmovers.nl/vestigingen/geijtenbeek-verhuizers/
4400	https://www.topmovers.nl/vestigingen/geijtenbeek-verhuizers/
4450	https://www.topmovers.nl/vestigingen/geijtenbeek-verhuizers/
4500	https://www.topmovers.nl/vestigingen/geijtenbeek-verhuizers/
4550	https://www.topmovers.nl/vestigingen/geijtenbeek-verhuizers/
4600	https://www.topmovers.nl/vestigingen/geijtenbeek-verhuizers/
4650	https://www.topmovers.nl/vestigingen/geijtenbeek-verhuizers/
4700	https://www.topmovers.nl/vestigingen/de-bresser-verhuizingen-2/
4750	https://www.topmovers.nl/vestigingen/de-bresser-verhuizingen-2/
4800	https://www.topmovers.nl/vestigingen/de-bresser-verhuizingen-2/
4850	https://www.topmovers.nl/vestigingen/de-bresser-verhuizingen-2/
4900	https://www.topmovers.nl/vestigingen/de-bresser-verhuizingen-2/
4950	https://www.topmovers.nl/vestigingen/de-bresser-verhuizingen-2/
5000	https://www.topmovers.nl/vestigingen/de-bresser-verhuizingen-2/
5050	https://www.topmovers.nl/vestigingen/de-bresser-verhuizingen-2/
5100	https://www.topmovers.nl/vestigingen/de-bresser-verhuizingen-2/
5150	https://www.topmovers.nl/vestigingen/de-bresser-verhuizingen-2/
5200	https://www.topmovers.nl/vestigingen/harrie-van-erp-2/
5250	https://www.topmovers.nl/vestigingen/harrie-van-erp-2/
5300	https://www.topmovers.nl/vestigingen/harrie-van-erp-2/
5350	https://www.topmovers.nl/vestigingen/harrie-van-erp-2/
5400	https://www.topmovers.nl/vestigingen/harrie-van-erp-2/
5450	https://www.topmovers.nl/vestigingen/harrie-van-erp-2/
5500	https://www.topmovers.nl/vestigingen/meta-verhuizingen/
5550	https://www.topmovers.nl/vestigingen/meta-verhuizingen/
5600	https://www.topmovers.nl/vestigingen/meta-verhuizingen/
5650	https://www.topmovers.nl/vestigingen/meta-verhuizingen/
5700	https://www.topmovers.nl/vestigingen/meta-verhuizingen/
5750	https://www.topmovers.nl/vestigingen/meta-verhuizingen/
5800	https://www.topmovers.nl/vestigingen/de-kievit-verhuizingen/
5850	https://www.topmovers.nl/vestigingen/de-kievit-verhuizingen/
5900	https://www.topmovers.nl/vestigingen/de-kievit-verhuizingen/
5950	https://www.topmovers.nl/vestigingen/de-kievit-verhuizingen/
6000	https://www.topmovers.nl/vestigingen/harreman-verhuizingen/
6050	https://www.topmovers.nl/vestigingen/harreman-verhuizingen/
6100	https://www.topmovers.nl/vestigingen/harreman-verhuizingen/
6150	https://www.topmovers.nl/vestigingen/harreman-verhuizingen/
6200	https://www.topmovers.nl/vestigingen/harreman-verhuizingen/
6250	https://www.topmovers.nl/vestigingen/harreman-verhuizingen/
6300	https://www.topmovers.nl/vestigingen/harreman-verhuizingen/
6350	https://www.topmovers.nl/vestigingen/harreman-verhuizingen/
6400	https://www.topmovers.nl/vestigingen/harreman-verhuizingen/
6450	https://www.topmovers.nl/vestigingen/harreman-verhuizingen/
6500	https://www.topmovers.nl/vestigingen/vlotweg-verhuizingen-2/
6550	https://www.topmovers.nl/vestigingen/vlotweg-verhuizingen-2/
6600	https://www.topmovers.nl/vestigingen/harrie-van-erp-3/
6650	https://www.topmovers.nl/vestigingen/harrie-van-erp-3/
6700	https://www.topmovers.nl/vestigingen/vlotweg-verhuizingen-3/
6750	https://www.topmovers.nl/vestigingen/vlotweg-verhuizingen-3/
6800	https://www.topmovers.nl/vestigingen/vlotweg-verhuizingen-3/
6850	https://www.topmovers.nl/vestigingen/vlotweg-verhuizingen-3/
6900	https://www.topmovers.nl/vestigingen/vlotweg-verhuizingen-3/
6950	https://www.topmovers.nl/vestigingen/vlotweg-verhuizingen-3/
7000	https://www.topmovers.nl/vestigingen/vlotweg-verhuizingen-3/
7050	https://www.topmovers.nl/vestigingen/vlotweg-verhuizingen-3/
7100	https://www.topmovers.nl/vestigingen/vlotweg-verhuizingen-3/
7150	https://www.topmovers.nl/vestigingen/vlotweg-verhuizingen-3/
7200	https://www.topmovers.nl/vestigingen/vlotweg-verhuizingen-3/
7250	https://www.topmovers.nl/vestigingen/vlotweg-verhuizingen-3/
7300	https://www.topmovers.nl/vestigingen/vlotweg-verhuizingen-3/
7350	https://www.topmovers.nl/vestigingen/vlotweg-verhuizingen-3/
7400	https://www.topmovers.nl/vestigingen/vlotweg-verhuizingen-3/
7450	https://www.topmovers.nl/vestigingen/ter-haar-verhuizingen/
7500	https://www.topmovers.nl/vestigingen/ter-haar-verhuizingen/
7550	https://www.topmovers.nl/vestigingen/ter-haar-verhuizingen/
7600	https://www.topmovers.nl/vestigingen/ter-haar-verhuizingen/
7650	https://www.topmovers.nl/vestigingen/ter-haar-verhuizingen/
7700	https://www.topmovers.nl/vestigingen/ter-haar-verhuizingen/
7750	https://www.topmovers.nl/vestigingen/de-lange-verhuizingen/
7800	https://www.topmovers.nl/vestigingen/de-lange-verhuizingen/
7850	https://www.topmovers.nl/vestigingen/de-lange-verhuizingen/
7900	https://www.topmovers.nl/vestigingen/de-lange-verhuizingen/
7950	https://www.topmovers.nl/vestigingen/ter-haar-verhuizingen-2/
8000	https://www.topmovers.nl/vestigingen/ter-haar-verhuizingen-3/
8050	https://www.topmovers.nl/vestigingen/ter-haar-verhuizingen-3/
8100	https://www.topmovers.nl/vestigingen/ter-haar-verhuizingen-3/
8150	https://www.topmovers.nl/vestigingen/ter-haar-verhuizingen-3/
8200	https://www.topmovers.nl/vestigingen/holwerda-logistics-3/
8250	https://www.topmovers.nl/vestigingen/holwerda-logistics-3/
8300	https://www.topmovers.nl/vestigingen/holwerda-logistics-4/
8350	https://www.topmovers.nl/vestigingen/ter-haar-verhuizingen-5/
8400	https://www.topmovers.nl/vestigingen/de-lange-verhuizingen-5/
8450	https://www.topmovers.nl/vestigingen/de-lange-verhuizingen-5/
8500	https://www.topmovers.nl/vestigingen/de-lange-verhuizingen-5/
8550	https://www.topmovers.nl/vestigingen/de-lange-verhuizingen-5/
8600	https://www.topmovers.nl/vestigingen/de-lange-verhuizingen-5/
8650	https://www.topmovers.nl/vestigingen/de-lange-verhuizingen-5/
8700	https://www.topmovers.nl/vestigingen/de-lange-verhuizingen-5/
8750	https://www.topmovers.nl/vestigingen/de-lange-verhuizingen-5/
8800	https://www.topmovers.nl/vestigingen/de-lange-verhuizingen-5/
8850	https://www.topmovers.nl/vestigingen/de-lange-verhuizingen-5/
8900	https://www.topmovers.nl/vestigingen/de-lange-verhuizingen-5/
8950	https://www.topmovers.nl/vestigingen/de-lange-verhuizingen-5/
9000	https://www.topmovers.nl/vestigingen/de-lange-verhuizingen-5/
9050	https://www.topmovers.nl/vestigingen/de-lange-verhuizingen-5/
9100	https://www.topmovers.nl/vestigingen/de-lange-verhuizingen-5/
9150	https://www.topmovers.nl/vestigingen/de-lange-verhuizingen-5/
9200	https://www.topmovers.nl/vestigingen/de-lange-verhuizingen-5/
9250	https://www.topmovers.nl/vestigingen/de-lange-verhuizingen-5/
9300	https://www.topmovers.nl/vestigingen/top-movers-nederland/
9350	https://www.topmovers.nl/vestigingen/top-movers-nederland-2/
9400	https://www.topmovers.nl/vestigingen/de-lange-verhuizingen-3/
9450	https://www.topmovers.nl/vestigingen/top-movers-nederland-3/
9500	https://www.topmovers.nl/vestigingen/de-lange-verhuizingen-4/
9550	https://www.topmovers.nl/vestigingen/de-lange-verhuizingen-4/
9600	https://www.topmovers.nl/vestigingen/top-movers-nederland-4/
9650	https://www.topmovers.nl/vestigingen/top-movers-nederland-4/
9700	https://www.topmovers.nl/vestigingen/top-movers-nederland-4/
9750	https://www.topmovers.nl/vestigingen/top-movers-nederland-4/
9800	https://www.topmovers.nl/vestigingen/top-movers-nederland-4/
9850	https://www.topmovers.nl/vestigingen/top-movers-nederland-4/
9900	https://www.topmovers.nl/vestigingen/top-movers-nederland-4/
9950	https://www.topmovers.nl/vestigingen/top-movers-nederland-4/
