5740	https://www.topmovers.nl/vestigingen/meta-verhuizingen/
5741	https://www.topmovers.nl/vestigingen/meta-verhuizingen/
5742	https://www.topmovers.nl/vestigingen/meta-verhuizingen/
5743	https://www.topmovers.nl/vestigingen/meta-verhuizingen/
5744	https://www.topmovers.nl/vestigingen/meta-verhuizingen/
5745	https://www.topmovers.nl/vestigingen/meta-verhuizingen/
5746	https://www.topmovers.nl/vestigingen/meta-verhuizingen/
5747	https://www.topmovers.nl/vestigingen/meta-verhuizingen/
5748	https://www.topmovers.nl/vestigingen/meta-verhuizingen/
5749	https://www.topmovers.nl/vestigingen/meta-verhuizingen/
5750	https://www.topmovers.nl/vestigingen/meta-verhuizingen/
5751	https://www.topmovers.nl/vestigingen/meta-verhuizingen/
5752	https://www.topmovers.nl/vestigingen/meta-verhuizingen/
5753	https://www.topmovers.nl/vestigingen/meta-verhuizingen/
5754	https://www.topmovers.nl/vestigingen/meta-verhuizingen/
5755	https://www.topmovers.nl/vestigingen/meta-verhuizingen/
5756	https://www.topmovers.nl/vestigingen/meta-verhuizingen/
5757	https://www.topmovers.nl/vestigingen/meta-verhuizingen/
5758	https://www.topmovers.nl/vestigingen/meta-verhuizingen/
5759	https://www.topmovers.nl/vestigingen/meta-verhuizingen/
5760	https://www.topmovers.nl/vestigingen/meta-verhuizingen/
5761	https://www.topmovers.nl/vestigingen/meta-verhuizingen/
5762	https://www.topmovers.nl/vestigingen/meta-verhuizingen/
5763	https://www.topmovers.nl/vestigingen/meta-verhuizingen/
5764	https://www.topmovers.nl/vestigingen/meta-verhuizingen/
5765	https://www.topmovers.nl/vestigingen/meta-verhuizingen/
5766	https://www.topmovers.nl/vestigingen/meta-verhuizingen/
5767	https://www.topmovers.nl/vestigingen/meta-verhuizingen/
5768	https://www.topmovers.nl/vestigingen/meta-verhuizingen/
5769	https://www.topmovers.nl/vestigingen/meta-verhuizingen/
5770	https://www.topmovers.nl/vestigingen/meta-verhuizingen/
5771	https://www.topmovers.nl/vestigingen/meta-verhuizingen/
5772	https://www.topmovers.nl/vestigingen/meta-verhuizingen/
5773	https://www.topmovers.nl/vestigingen/meta-verhuizingen/
5774	https://www.topmovers.nl/vestigingen/meta-verhuizingen/
5775	https://www.topmovers.nl/vestigingen/meta-verhuizingen/
5776	https://www.topmovers.nl/vestigingen/meta-verhuizingen/
5777	https://www.topmovers.nl/vestigingen/meta-verhuizingen/
5778	https://www.topmovers.nl/vestigingen/meta-verhuizingen/
5779	https://www.topmovers.nl/vestigingen/meta-verhuizingen/
5780	https://www.topmovers.nl/vestigingen/meta-verhuizingen/
5781	https://www.topmovers.nl/vestigingen/meta-verhuizingen/
5782	https://www.topmovers.nl/vestigingen/meta-verhuizingen/
5783	https://www.topmovers.nl/vestigingen/meta-verhuizingen/
5784	https://www.topmovers.nl/vestigingen/meta-verhuizingen/
5785	https://www.topmovers.nl/vestigingen/meta-verhuizingen/
5786	https://www.topmovers.nl/vestigingen/meta-verhuizingen/
5787	https://www.topmovers.nl/vestigingen/meta-verhuizingen/
5788	https://www.topmovers.nl/vestigingen/meta-verhuizingen/
5789	https://www.topmovers.nl/vestigingen/meta-verhuizingen/
5790	https://www.topmovers.nl/vestigingen/meta-verhuizingen/
5791	https://www.topmovers.nl/vestigingen/meta-verhuizingen/
5792	https://www.topmovers.nl/vestigingen/meta-verhuizingen/
5793	https://www.topmovers.nl/vestigingen/meta-verhuizingen/
5794	https://www.topmovers.nl/vestigingen/meta-verhuizingen/
5795	https://www.topmovers.nl/vestigingen/meta-verhuizingen/
5796	https://www.topmovers.nl/vestigingen/meta-verhuizingen/
5797	https://www.topmovers.nl/vestigingen/meta-verhuizingen/
5798	https://www.topmovers.nl/vestigingen/meta-verhuizingen/
5799	https://www.topmovers.nl/vestigingen/meta-verhuizingen/
5800	https://www.topmovers.nl/vestigingen/de-kievit-verhuizingen/
5801	https://www.topmovers.nl/vestigingen/de-kievit-verhuizingen/
5802	https://www.topmovers.nl/vestigingen/de-kievit-verhuizingen/
5803	https://www.topmovers.nl/vestigingen/de-kievit-verhuizingen/
5804	https://www.topmovers.nl/vestigingen/de-kievit-verhuizingen/
5805	https://www.topmovers.nl/vestigingen/de-kievit-verhuizingen/
5806	https://www.topmovers.nl/vestigingen/de-kievit-verhuizingen/
5807	https://www.topmovers.nl/vestigingen/de-kievit-verhuizingen/
5808	https://www.topmovers.nl/vestigingen/de-kievit-verhuizingen/
5809	https://www.topmovers.nl/vestigingen/de-kievit-verhuizingen/
5810	https://www.topmovers.nl/vestigingen/de-kievit-verhuizingen/
5940	https://www.topmovers.nl/vestigingen/de-kievit-verhuizingen/
5941	https://www.topmovers.nl/vestigingen/de-kievit-verhuizingen/
5942	https://www.topmovers.nl/vestigingen/de-kievit-verhuizingen/
5943	https://www.topmovers.nl/vestigingen/de-kievit-verhuizingen/
5944	https://www.topmovers.nl/vestigingen/de-kievit-verhuizingen/
5945	https://www.topmovers.nl/vestigingen/de-kievit-verhuizingen/
5946	https://www.topmovers.nl/vestigingen/de-kievit-verhuizingen/
5947	https://www.topmovers.nl/vestigingen/de-kievit-verhuizingen/
5948	https://www.topmovers.nl/vestigingen/de-kievit-verhuizingen/
5949	https://www.topmovers.nl/vestigingen/de-kievit-verhuizingen/
5950	https://www.topmovers.nl/vestigingen/de-kievit-verhuizingen/
5951	https://www.topmovers.nl/vestigingen/de-kievit-verhuizingen/
5952	https://www.topmovers.nl/vestigingen/de-kievit-verhuizingen/
5953	https://www.topmovers.nl/vestigingen/de-kievit-verhuizingen/
5954	https://www.topmovers.nl/vestigingen/de-kievit-verhuizingen/
5955	https://www.topmovers.nl/vestigingen/de-kievit-verhuizingen/
5956	https://www.topmovers.nl/vestigingen/de-kievit-verhuizingen/
5957	https://www.topmovers.nl/vestigingen/de-kievit-verhuizingen/
5958	https://www.topmovers.nl/vestigingen/de-kievit-verhuizingen/
5959	https://www.topmovers.nl/vestigingen/de-kievit-verhuizingen/
5960	https://www.topmovers.nl/vestigingen/de-kievit-verhuizingen/
5961	https://www.topmovers.nl/vestigingen/de-kievit-verhuizingen/
5962	https://www.topmovers.nl/vestigingen/de-kievit-verhuizingen/
5963	https://www.topmovers.nl/vestigingen/de-kievit-verhuizingen/
5964	https://www.topmovers.nl/vestigingen/de-kievit-verhuizingen/
5965	https://www.topmovers.nl/vestigingen/de-kievit-verhuizingen/
5966	https://www.topmovers.nl/vestigingen/de-kievit-verhuizingen/
5967	https://www.topmovers.nl/vestigingen/de-kievit-verhuizingen/
5968	https://www.topmovers.nl/vestigingen/de-kievit-verhuizingen/
5969	https://www.topmovers.nl/vestigingen/de-kievit-verhuizingen/
5970	https://www.topmovers.nl/vestigingen/de-kievit-verhuizingen/
5971	https://www.topmovers.nl/vestigingen/de-kievit-verhuizingen/
5972	https://www.topmovers.nl/vestigingen/de-kievit-verhuizingen/
5973	https://www.topmovers.nl/vestigingen/de-kievit-verhuizingen/
5974	https://www.topmovers.nl/vestigingen/de-kievit-verhuizingen/
5975	https://www.topmovers.nl/vestigingen/de-kievit-verhuizingen/
5976	https://www.topmovers.nl/vestigingen/de-kievit-verhuizingen/
5977	https://www.topmovers.nl/vestigingen/de-kievit-verhuizingen/
5978	https://www.topmovers.nl/vestigingen/de-kievit-verhuizingen/
5979	https://www.topmovers.nl/vestigingen/de-kievit-verhuizingen/
5980	https://www.topmovers.nl/vestigingen/de-kievit-verhuizingen/
5981	https://www.topmovers.nl/vestigingen/de-kievit-verhuizingen/
5982	https://www.topmovers.nl/vestigingen/de-kievit-verhuizingen/
5983	https://www.topmovers.nl/vestigingen/de-kievit-verhuizingen/
5984	https://www.topmovers.nl/vestigingen/de-kievit-verhuizingen/
5985	https://www.topmovers.nl/vestigingen/de-kievit-verhuizingen/
5986	https://www.topmovers.nl/vestigingen/de-kievit-verhuizingen/
5987	https://www.topmovers.nl/vestigingen/de-kievit-verhuizingen/
5988	https://www.topmovers.nl/vestigingen/de-kievit-verhuizingen/
5989	https://www.topmovers.nl/vestigingen/de-kievit-verhuizingen/
5990	https://www.topmovers.nl/vestigingen/de-kievit-verhuizingen/
5991	https://www.topmovers.nl/vestigingen/de-kievit-verhuizingen/
5992	https://www.topmovers.nl/vestigingen/de-kievit-verhuizingen/
5993	https://www.topmovers.nl/vestigingen/de-kievit-verhuizingen/
5994	https://www.topmovers.nl/vestigingen/de-kievit-verhuizingen/
5995	https://www.topmovers.nl/vestigingen/de-kievit-verhuizingen/
5996	https://www.topmovers.nl/vestigingen/de-kievit-verhuizingen/
5997	https://www.topmovers.nl/vestigingen/de-kievit-verhuizingen/
5998	https://www.topmovers.nl/vestigingen/de-kievit-verhuizingen/
5999	https://www.topmovers.nl/vestigingen/de-kievit-verhuizingen/
6000	https://www.topmovers.nl/vestigingen/harreman-verhuizingen/
6001	https://www.topmovers.nl/vestigingen/harreman-verhuizingen/
6002	https://www.topmovers.nl/vestigingen/harreman-verhuizingen/
6003	https://www.topmovers.nl/vestigingen/harreman-verhuizingen/
6004	https://www.topmovers.nl/vestigingen/harreman-verhuizingen/
6005	https://www.topmovers.nl/vestigingen/harreman-verhuizingen/
6006	https://www.topmovers.nl/vestigingen/harreman-verhuizingen/
6007	https://www.topmovers.nl/vestigingen/harreman-verhuizingen/
6008	https://www.topmovers.nl/vestigingen/harreman-verhuizingen/
6009	https://www.topmovers.nl/vestigingen/harreman-verhuizingen/
6010	https://www.topmovers.nl/vestigingen/harreman-verhuizingen/
